2026-05-08 18:18:00,721 INFO o.a.j.u.JMeterUtils: Setting Locale to en_EN
2026-05-08 18:18:00,736 INFO o.a.j.JMeter: Loading user properties from: E:\apache-jmeter-5.6.3\bin\user.properties
2026-05-08 18:18:00,736 INFO o.a.j.JMeter: Loading system properties from: E:\apache-jmeter-5.6.3\bin\system.properties
2026-05-08 18:18:00,741 INFO o.a.j.JMeter: Copyright (c) 1998-2024 The Apache Software Foundation
2026-05-08 18:18:00,741 INFO o.a.j.JMeter: Version 5.6.3
2026-05-08 18:18:00,741 INFO o.a.j.JMeter: java.version=17.0.16
2026-05-08 18:18:00,741 INFO o.a.j.JMeter: java.vm.name=Java HotSpot(TM) 64-Bit Server VM
2026-05-08 18:18:00,742 INFO o.a.j.JMeter: os.name=Windows 11
2026-05-08 18:18:00,742 INFO o.a.j.JMeter: os.arch=amd64
2026-05-08 18:18:00,742 INFO o.a.j.JMeter: os.version=10.0
2026-05-08 18:18:00,742 INFO o.a.j.JMeter: file.encoding=GBK
2026-05-08 18:18:00,742 INFO o.a.j.JMeter: java.awt.headless=null
2026-05-08 18:18:00,742 INFO o.a.j.JMeter: Max memory     =1073741824
2026-05-08 18:18:00,742 INFO o.a.j.JMeter: Available Processors =20
2026-05-08 18:18:00,749 INFO o.a.j.JMeter: Default Locale=English (EN)
2026-05-08 18:18:00,749 INFO o.a.j.JMeter: JMeter  Locale=English (EN)
2026-05-08 18:18:00,749 INFO o.a.j.JMeter: JMeterHome=E:\apache-jmeter-5.6.3
2026-05-08 18:18:00,749 INFO o.a.j.JMeter: user.dir  =E:\mall\my_mall
2026-05-08 18:18:00,750 INFO o.a.j.JMeter: PWD       =E:\mall\my_mall
2026-05-08 18:18:00,750 INFO o.a.j.JMeter: IP: 10.20.192.31 Name: LAPTOP-103ICE38 FullName: LAPTOP-103ICE38
2026-05-08 18:18:00,762 INFO o.a.j.JMeter: Loaded icon properties from org/apache/jmeter/images/icon.properties
2026-05-08 18:18:00,952 INFO o.a.j.JMeterGuiLauncher: Setting LAF to: com.github.weisj.darklaf.DarkLaf:com.github.weisj.darklaf.theme.DarculaTheme
2026-05-08 18:19:54,636 INFO o.a.j.s.FileServer: Default base='E:\mall\my_mall'
2026-05-08 18:19:54,637 INFO o.a.j.g.a.Load: Loading file: E:\mall\my_mall\src\test\jmeter\seckill_stress_test.jmx
2026-05-08 18:19:54,637 INFO o.a.j.s.FileServer: Set new base='E:\mall\my_mall\src\test\jmeter'
2026-05-08 18:19:54,795 INFO o.a.j.s.SaveService: Testplan (JMX) version: 2.2. Testlog (JTL) version: 2.2
2026-05-08 18:19:54,812 INFO o.a.j.s.SaveService: Using SaveService properties version 5.0
2026-05-08 18:19:54,813 INFO o.a.j.s.SaveService: Using SaveService properties file encoding UTF-8
2026-05-08 18:19:54,813 INFO o.a.j.s.SaveService: Loading file: E:\mall\my_mall\src\test\jmeter\seckill_stress_test.jmx
2026-05-08 18:19:54,853 INFO o.a.j.p.h.s.HTTPSamplerBase: Parser for text/html is org.apache.jmeter.protocol.http.parser.LagartoBasedHtmlParser
2026-05-08 18:19:54,853 INFO o.a.j.p.h.s.HTTPSamplerBase: Parser for application/xhtml+xml is org.apache.jmeter.protocol.http.parser.LagartoBasedHtmlParser
2026-05-08 18:19:54,853 INFO o.a.j.p.h.s.HTTPSamplerBase: Parser for application/xml is org.apache.jmeter.protocol.http.parser.LagartoBasedHtmlParser
2026-05-08 18:19:54,853 INFO o.a.j.p.h.s.HTTPSamplerBase: Parser for text/xml is org.apache.jmeter.protocol.http.parser.LagartoBasedHtmlParser
2026-05-08 18:19:54,853 INFO o.a.j.p.h.s.HTTPSamplerBase: Parser for text/vnd.wap.wml is org.apache.jmeter.protocol.http.parser.RegexpHTMLParser
2026-05-08 18:19:54,853 INFO o.a.j.p.h.s.HTTPSamplerBase: Parser for text/css is org.apache.jmeter.protocol.http.parser.CssParser
2026-05-08 18:19:55,238 INFO o.a.j.s.SampleResult: Note: Sample TimeStamps are START times
2026-05-08 18:19:55,238 INFO o.a.j.s.SampleResult: sampleresult.default.encoding is set to UTF-8
2026-05-08 18:19:55,238 INFO o.a.j.s.SampleResult: sampleresult.useNanoTime=true
2026-05-08 18:19:55,238 INFO o.a.j.s.SampleResult: sampleresult.nanoThreadSleep=5000
2026-05-08 18:19:55,409 INFO o.a.j.s.FileServer: Set new base='E:\mall\my_mall\src\test\jmeter'
2026-05-08 18:20:56,751 INFO o.a.j.e.StandardJMeterEngine: Running the test!
2026-05-08 18:20:56,752 INFO o.a.j.s.SampleEvent: List of sample_variables: []
2026-05-08 18:20:56,752 INFO o.a.j.s.SampleEvent: List of sample_variables: []
2026-05-08 18:20:56,752 INFO o.a.j.e.u.CompoundVariable: Note: Function class names must contain the string: '.functions.'
2026-05-08 18:20:56,754 INFO o.a.j.e.u.CompoundVariable: Note: Function class names must not contain the string: '.gui.'
2026-05-08 18:20:56,774 INFO o.a.j.g.u.JMeterMenuBar: setRunning(true, *local*)
2026-05-08 18:20:56,794 INFO o.a.j.e.StandardJMeterEngine: Starting ThreadGroup: 1 : 秒杀并发线程组
2026-05-08 18:20:56,794 INFO o.a.j.e.StandardJMeterEngine: Starting 100 threads for group 秒杀并发线程组.
2026-05-08 18:20:56,794 INFO o.a.j.e.StandardJMeterEngine: Thread will continue on error
2026-05-08 18:20:56,794 INFO o.a.j.t.ThreadGroup: Starting thread group... number=1 threads=100 ramp-up=5 delayedStart=false
2026-05-08 18:20:56,797 INFO o.a.j.t.JMeterThread: Thread started: 秒杀并发线程组 1-1
2026-05-08 18:20:56,798 INFO o.a.j.s.FileServer: Stored: src/test/jmeter/test_users.csv
2026-05-08 18:20:56,815 INFO o.a.j.t.ThreadGroup: Started thread group number 1
2026-05-08 18:20:56,815 INFO o.a.j.e.StandardJMeterEngine: All thread groups have been started
2026-05-08 18:20:56,845 INFO o.a.j.t.JMeterThread: Thread started: 秒杀并发线程组 1-2
2026-05-08 18:20:56,895 INFO o.a.j.t.JMeterThread: Thread started: 秒杀并发线程组 1-3
2026-05-08 18:20:56,945 INFO o.a.j.t.JMeterThread: Thread started: 秒杀并发线程组 1-4
2026-05-08 18:20:56,994 INFO o.a.j.t.JMeterThread: Thread started: 秒杀并发线程组 1-5
2026-05-08 18:20:57,044 INFO o.a.j.t.JMeterThread: Thread started: 秒杀并发线程组 1-6
2026-05-08 18:20:57,096 INFO o.a.j.t.JMeterThread: Thread started: 秒杀并发线程组 1-7
2026-05-08 18:20:57,145 INFO o.a.j.t.JMeterThread: Thread started: 秒杀并发线程组 1-8
2026-05-08 18:20:57,196 INFO o.a.j.t.JMeterThread: Thread started: 秒杀并发线程组 1-9
2026-05-08 18:20:57,248 INFO o.a.j.t.JMeterThread: Thread started: 秒杀并发线程组 1-10
2026-05-08 18:20:57,295 INFO o.a.j.t.JMeterThread: Thread started: 秒杀并发线程组 1-11
2026-05-08 18:20:57,345 INFO o.a.j.t.JMeterThread: Thread started: 秒杀并发线程组 1-12
2026-05-08 18:20:57,396 INFO o.a.j.t.JMeterThread: Thread started: 秒杀并发线程组 1-13
2026-05-08 18:20:57,445 INFO o.a.j.t.JMeterThread: Thread started: 秒杀并发线程组 1-14
2026-05-08 18:20:57,496 INFO o.a.j.t.JMeterThread: Thread started: 秒杀并发线程组 1-15
2026-05-08 18:20:57,546 INFO o.a.j.t.JMeterThread: Thread started: 秒杀并发线程组 1-16
2026-05-08 18:20:57,596 INFO o.a.j.t.JMeterThread: Thread started: 秒杀并发线程组 1-17
2026-05-08 18:20:57,646 INFO o.a.j.t.JMeterThread: Thread started: 秒杀并发线程组 1-18
2026-05-08 18:20:57,696 INFO o.a.j.t.JMeterThread: Thread started: 秒杀并发线程组 1-19
2026-05-08 18:20:57,746 INFO o.a.j.t.JMeterThread: Thread started: 秒杀并发线程组 1-20
2026-05-08 18:20:57,795 INFO o.a.j.t.JMeterThread: Thread started: 秒杀并发线程组 1-21
2026-05-08 18:20:57,844 INFO o.a.j.t.JMeterThread: Thread started: 秒杀并发线程组 1-22
2026-05-08 18:20:57,851 INFO o.a.j.m.J.生成JWT令牌: Generated JWT for userId=18
2026-05-08 18:20:57,851 INFO o.a.j.m.J.生成JWT令牌: Generated JWT for userId=3
2026-05-08 18:20:57,851 INFO o.a.j.m.J.生成JWT令牌: Generated JWT for userId=13
2026-05-08 18:20:57,851 INFO o.a.j.m.J.生成JWT令牌: Generated JWT for userId=8
2026-05-08 18:20:57,851 INFO o.a.j.m.J.生成JWT令牌: Generated JWT for userId=21
2026-05-08 18:20:57,851 INFO o.a.j.m.J.生成JWT令牌: Generated JWT for userId=7
2026-05-08 18:20:57,851 INFO o.a.j.m.J.生成JWT令牌: Generated JWT for userId=2
2026-05-08 18:20:57,851 INFO o.a.j.m.J.生成JWT令牌: Generated JWT for userId=4
2026-05-08 18:20:57,851 INFO o.a.j.m.J.生成JWT令牌: Generated JWT for userId=1
2026-05-08 18:20:57,851 INFO o.a.j.m.J.生成JWT令牌: Generated JWT for userId=17
2026-05-08 18:20:57,851 INFO o.a.j.m.J.生成JWT令牌: Generated JWT for userId=11
2026-05-08 18:20:57,851 INFO o.a.j.m.J.生成JWT令牌: Generated JWT for userId=5
2026-05-08 18:20:57,852 INFO o.a.j.m.J.生成JWT令牌: Generated JWT for userId=20
2026-05-08 18:20:57,852 INFO o.a.j.m.J.生成JWT令牌: Generated JWT for userId=15
2026-05-08 18:20:57,852 INFO o.a.j.m.J.生成JWT令牌: Generated JWT for userId=19
2026-05-08 18:20:57,852 INFO o.a.j.m.J.生成JWT令牌: Generated JWT for userId=6
2026-05-08 18:20:57,852 INFO o.a.j.m.J.生成JWT令牌: Generated JWT for userId=10
2026-05-08 18:20:57,852 INFO o.a.j.m.J.生成JWT令牌: Generated JWT for userId=9
2026-05-08 18:20:57,852 INFO o.a.j.m.J.生成JWT令牌: Generated JWT for userId=12
2026-05-08 18:20:57,852 INFO o.a.j.m.J.生成JWT令牌: Generated JWT for userId=14
2026-05-08 18:20:57,852 INFO o.a.j.m.J.生成JWT令牌: Generated JWT for userId=16
2026-05-08 18:20:57,860 INFO o.a.j.p.h.s.HTTPHCAbstractImpl: Local host = LAPTOP-103ICE38
2026-05-08 18:20:57,867 INFO o.a.j.m.J.生成JWT令牌: Generated JWT for userId=22
2026-05-08 18:20:57,869 INFO o.a.j.p.h.s.HTTPHC4Impl: HTTP request retry count = 0
2026-05-08 18:20:57,895 INFO o.a.j.t.JMeterThread: Thread started: 秒杀并发线程组 1-23
2026-05-08 18:20:57,916 INFO o.a.j.m.J.生成JWT令牌: Generated JWT for userId=23
2026-05-08 18:20:57,946 INFO o.a.j.t.JMeterThread: Thread started: 秒杀并发线程组 1-24
2026-05-08 18:20:57,976 INFO o.a.j.m.J.生成JWT令牌: Generated JWT for userId=24
2026-05-08 18:20:57,995 INFO o.a.j.t.JMeterThread: Thread started: 秒杀并发线程组 1-25
2026-05-08 18:20:58,006 INFO o.a.j.m.J.生成JWT令牌: Generated JWT for userId=25
2026-05-08 18:20:58,045 INFO o.a.j.t.JMeterThread: Thread started: 秒杀并发线程组 1-26
2026-05-08 18:20:58,055 INFO o.a.j.m.J.生成JWT令牌: Generated JWT for userId=26
2026-05-08 18:20:58,094 INFO o.a.j.t.JMeterThread: Thread started: 秒杀并发线程组 1-27
2026-05-08 18:20:58,104 INFO o.a.j.m.J.生成JWT令牌: Generated JWT for userId=27
2026-05-08 18:20:58,145 INFO o.a.j.t.JMeterThread: Thread started: 秒杀并发线程组 1-28
2026-05-08 18:20:58,154 INFO o.a.j.m.J.生成JWT令牌: Generated JWT for userId=28
2026-05-08 18:20:58,194 INFO o.a.j.t.JMeterThread: Thread started: 秒杀并发线程组 1-29
2026-05-08 18:20:58,204 INFO o.a.j.m.J.生成JWT令牌: Generated JWT for userId=29
2026-05-08 18:20:58,246 INFO o.a.j.t.JMeterThread: Thread started: 秒杀并发线程组 1-30
2026-05-08 18:20:58,254 INFO o.a.j.m.J.生成JWT令牌: Generated JWT for userId=30
2026-05-08 18:20:58,296 INFO o.a.j.t.JMeterThread: Thread started: 秒杀并发线程组 1-31
2026-05-08 18:20:58,307 INFO o.a.j.m.J.生成JWT令牌: Generated JWT for userId=31
2026-05-08 18:20:58,345 INFO o.a.j.t.JMeterThread: Thread started: 秒杀并发线程组 1-32
2026-05-08 18:20:58,357 INFO o.a.j.m.J.生成JWT令牌: Generated JWT for userId=32
2026-05-08 18:20:58,395 INFO o.a.j.t.JMeterThread: Thread started: 秒杀并发线程组 1-33
2026-05-08 18:20:58,406 INFO o.a.j.m.J.生成JWT令牌: Generated JWT for userId=33
2026-05-08 18:20:58,446 INFO o.a.j.t.JMeterThread: Thread started: 秒杀并发线程组 1-34
2026-05-08 18:20:58,455 INFO o.a.j.t.JMeterThread: Thread is done: 秒杀并发线程组 1-29
2026-05-08 18:20:58,455 INFO o.a.j.t.JMeterThread: Thread is done: 秒杀并发线程组 1-8
2026-05-08 18:20:58,455 INFO o.a.j.t.JMeterThread: Thread is done: 秒杀并发线程组 1-27
2026-05-08 18:20:58,455 INFO o.a.j.t.JMeterThread: Thread is done: 秒杀并发线程组 1-22
2026-05-08 18:20:58,455 INFO o.a.j.t.JMeterThread: Thread is done: 秒杀并发线程组 1-19
2026-05-08 18:20:58,455 INFO o.a.j.t.JMeterThread: Thread is done: 秒杀并发线程组 1-16
2026-05-08 18:20:58,455 INFO o.a.j.t.JMeterThread: Thread is done: 秒杀并发线程组 1-25
2026-05-08 18:20:58,455 INFO o.a.j.t.JMeterThread: Thread is done: 秒杀并发线程组 1-15
2026-05-08 18:20:58,455 INFO o.a.j.t.JMeterThread: Thread is done: 秒杀并发线程组 1-14
2026-05-08 18:20:58,455 INFO o.a.j.t.JMeterThread: Thread finished: 秒杀并发线程组 1-25
2026-05-08 18:20:58,455 INFO o.a.j.t.JMeterThread: Thread is done: 秒杀并发线程组 1-26
2026-05-08 18:20:58,455 INFO o.a.j.t.JMeterThread: Thread finished: 秒杀并发线程组 1-8
2026-05-08 18:20:58,455 INFO o.a.j.t.JMeterThread: Thread is done: 秒杀并发线程组 1-30
2026-05-08 18:20:58,455 INFO o.a.j.t.JMeterThread: Thread is done: 秒杀并发线程组 1-32
2026-05-08 18:20:58,455 INFO o.a.j.t.JMeterThread: Thread is done: 秒杀并发线程组 1-4
2026-05-08 18:20:58,455 INFO o.a.j.t.JMeterThread: Thread is done: 秒杀并发线程组 1-12
2026-05-08 18:20:58,455 INFO o.a.j.t.JMeterThread: Thread is done: 秒杀并发线程组 1-28
2026-05-08 18:20:58,456 INFO o.a.j.t.JMeterThread: Thread is done: 秒杀并发线程组 1-7
2026-05-08 18:20:58,455 INFO o.a.j.t.JMeterThread: Thread finished: 秒杀并发线程组 1-14
2026-05-08 18:20:58,456 INFO o.a.j.t.JMeterThread: Thread is done: 秒杀并发线程组 1-24
2026-05-08 18:20:58,456 INFO o.a.j.t.JMeterThread: Thread is done: 秒杀并发线程组 1-1
2026-05-08 18:20:58,456 INFO o.a.j.t.JMeterThread: Thread finished: 秒杀并发线程组 1-28
2026-05-08 18:20:58,456 INFO o.a.j.t.JMeterThread: Thread finished: 秒杀并发线程组 1-7
2026-05-08 18:20:58,456 INFO o.a.j.t.JMeterThread: Thread is done: 秒杀并发线程组 1-5
2026-05-08 18:20:58,456 INFO o.a.j.t.JMeterThread: Thread is done: 秒杀并发线程组 1-18
2026-05-08 18:20:58,456 INFO o.a.j.t.JMeterThread: Thread finished: 秒杀并发线程组 1-24
2026-05-08 18:20:58,455 INFO o.a.j.t.JMeterThread: Thread finished: 秒杀并发线程组 1-15
2026-05-08 18:20:58,456 INFO o.a.j.t.JMeterThread: Thread is done: 秒杀并发线程组 1-20
2026-05-08 18:20:58,456 INFO o.a.j.t.JMeterThread: Thread is done: 秒杀并发线程组 1-11
2026-05-08 18:20:58,455 INFO o.a.j.t.JMeterThread: Thread is done: 秒杀并发线程组 1-9
2026-05-08 18:20:58,456 INFO o.a.j.t.JMeterThread: Thread is done: 秒杀并发线程组 1-17
2026-05-08 18:20:58,455 INFO o.a.j.t.JMeterThread: Thread is done: 秒杀并发线程组 1-6
2026-05-08 18:20:58,455 INFO o.a.j.t.JMeterThread: Thread finished: 秒杀并发线程组 1-16
2026-05-08 18:20:58,455 INFO o.a.j.t.JMeterThread: Thread is done: 秒杀并发线程组 1-3
2026-05-08 18:20:58,456 INFO o.a.j.t.JMeterThread: Thread is done: 秒杀并发线程组 1-23
2026-05-08 18:20:58,456 INFO o.a.j.t.JMeterThread: Thread finished: 秒杀并发线程组 1-17
2026-05-08 18:20:58,455 INFO o.a.j.t.JMeterThread: Thread is done: 秒杀并发线程组 1-33
2026-05-08 18:20:58,455 INFO o.a.j.t.JMeterThread: Thread finished: 秒杀并发线程组 1-29
2026-05-08 18:20:58,456 INFO o.a.j.t.JMeterThread: Thread finished: 秒杀并发线程组 1-3
2026-05-08 18:20:58,455 INFO o.a.j.t.JMeterThread: Thread finished: 秒杀并发线程组 1-22
2026-05-08 18:20:58,455 INFO o.a.j.t.JMeterThread: Thread is done: 秒杀并发线程组 1-31
2026-05-08 18:20:58,456 INFO o.a.j.t.JMeterThread: Thread finished: 秒杀并发线程组 1-33
2026-05-08 18:20:58,456 INFO o.a.j.t.JMeterThread: Thread finished: 秒杀并发线程组 1-9
2026-05-08 18:20:58,456 INFO o.a.j.t.JMeterThread: Thread finished: 秒杀并发线程组 1-11
2026-05-08 18:20:58,456 INFO o.a.j.t.JMeterThread: Thread finished: 秒杀并发线程组 1-19
2026-05-08 18:20:58,456 INFO o.a.j.t.JMeterThread: Thread finished: 秒杀并发线程组 1-27
2026-05-08 18:20:58,456 INFO o.a.j.t.JMeterThread: Thread finished: 秒杀并发线程组 1-20
2026-05-08 18:20:58,456 INFO o.a.j.t.JMeterThread: Thread finished: 秒杀并发线程组 1-30
2026-05-08 18:20:58,456 INFO o.a.j.t.JMeterThread: Thread is done: 秒杀并发线程组 1-21
2026-05-08 18:20:58,456 INFO o.a.j.t.JMeterThread: Thread finished: 秒杀并发线程组 1-18
2026-05-08 18:20:58,456 INFO o.a.j.t.JMeterThread: Thread is done: 秒杀并发线程组 1-13
2026-05-08 18:20:58,456 INFO o.a.j.t.JMeterThread: Thread finished: 秒杀并发线程组 1-6
2026-05-08 18:20:58,456 INFO o.a.j.t.JMeterThread: Thread is done: 秒杀并发线程组 1-10
2026-05-08 18:20:58,456 INFO o.a.j.t.JMeterThread: Thread finished: 秒杀并发线程组 1-21
2026-05-08 18:20:58,456 INFO o.a.j.t.JMeterThread: Thread finished: 秒杀并发线程组 1-12
2026-05-08 18:20:58,456 INFO o.a.j.t.JMeterThread: Thread finished: 秒杀并发线程组 1-5
2026-05-08 18:20:58,456 INFO o.a.j.t.JMeterThread: Thread finished: 秒杀并发线程组 1-13
2026-05-08 18:20:58,456 INFO o.a.j.t.JMeterThread: Thread is done: 秒杀并发线程组 1-2
2026-05-08 18:20:58,455 INFO o.a.j.t.JMeterThread: Thread finished: 秒杀并发线程组 1-26
2026-05-08 18:20:58,456 INFO o.a.j.t.JMeterThread: Thread finished: 秒杀并发线程组 1-4
2026-05-08 18:20:58,455 INFO o.a.j.t.JMeterThread: Thread finished: 秒杀并发线程组 1-32
2026-05-08 18:20:58,456 INFO o.a.j.t.JMeterThread: Thread finished: 秒杀并发线程组 1-2
2026-05-08 18:20:58,456 INFO o.a.j.t.JMeterThread: Thread finished: 秒杀并发线程组 1-1
2026-05-08 18:20:58,456 INFO o.a.j.t.JMeterThread: Thread finished: 秒杀并发线程组 1-23
2026-05-08 18:20:58,456 INFO o.a.j.t.JMeterThread: Thread finished: 秒杀并发线程组 1-31
2026-05-08 18:20:58,456 INFO o.a.j.t.JMeterThread: Thread finished: 秒杀并发线程组 1-10
2026-05-08 18:20:58,463 INFO o.a.j.m.J.生成JWT令牌: Generated JWT for userId=34
2026-05-08 18:20:58,485 INFO o.a.j.t.JMeterThread: Thread is done: 秒杀并发线程组 1-34
2026-05-08 18:20:58,486 INFO o.a.j.t.JMeterThread: Thread finished: 秒杀并发线程组 1-34
2026-05-08 18:20:58,496 INFO o.a.j.t.JMeterThread: Thread started: 秒杀并发线程组 1-35
2026-05-08 18:20:58,507 INFO o.a.j.m.J.生成JWT令牌: Generated JWT for userId=35
2026-05-08 18:20:58,528 INFO o.a.j.t.JMeterThread: Thread is done: 秒杀并发线程组 1-35
2026-05-08 18:20:58,528 INFO o.a.j.t.JMeterThread: Thread finished: 秒杀并发线程组 1-35
2026-05-08 18:20:58,545 INFO o.a.j.t.JMeterThread: Thread started: 秒杀并发线程组 1-36
2026-05-08 18:20:58,554 INFO o.a.j.m.J.生成JWT令牌: Generated JWT for userId=36
2026-05-08 18:20:58,569 INFO o.a.j.t.JMeterThread: Thread is done: 秒杀并发线程组 1-36
2026-05-08 18:20:58,569 INFO o.a.j.t.JMeterThread: Thread finished: 秒杀并发线程组 1-36
2026-05-08 18:20:58,595 INFO o.a.j.t.JMeterThread: Thread started: 秒杀并发线程组 1-37
2026-05-08 18:20:58,604 INFO o.a.j.m.J.生成JWT令牌: Generated JWT for userId=37
2026-05-08 18:20:58,619 INFO o.a.j.t.JMeterThread: Thread is done: 秒杀并发线程组 1-37
2026-05-08 18:20:58,619 INFO o.a.j.t.JMeterThread: Thread finished: 秒杀并发线程组 1-37
2026-05-08 18:20:58,646 INFO o.a.j.t.JMeterThread: Thread started: 秒杀并发线程组 1-38
2026-05-08 18:20:58,654 INFO o.a.j.m.J.生成JWT令牌: Generated JWT for userId=38
2026-05-08 18:20:58,666 INFO o.a.j.t.JMeterThread: Thread is done: 秒杀并发线程组 1-38
2026-05-08 18:20:58,667 INFO o.a.j.t.JMeterThread: Thread finished: 秒杀并发线程组 1-38
2026-05-08 18:20:58,695 INFO o.a.j.t.JMeterThread: Thread started: 秒杀并发线程组 1-39
2026-05-08 18:20:58,707 INFO o.a.j.m.J.生成JWT令牌: Generated JWT for userId=39
2026-05-08 18:20:58,724 INFO o.a.j.t.JMeterThread: Thread is done: 秒杀并发线程组 1-39
2026-05-08 18:20:58,724 INFO o.a.j.t.JMeterThread: Thread finished: 秒杀并发线程组 1-39
2026-05-08 18:20:58,744 INFO o.a.j.t.JMeterThread: Thread started: 秒杀并发线程组 1-40
2026-05-08 18:20:58,756 INFO o.a.j.m.J.生成JWT令牌: Generated JWT for userId=40
2026-05-08 18:20:58,773 INFO o.a.j.t.JMeterThread: Thread is done: 秒杀并发线程组 1-40
2026-05-08 18:20:58,773 INFO o.a.j.t.JMeterThread: Thread finished: 秒杀并发线程组 1-40
2026-05-08 18:20:58,794 INFO o.a.j.t.JMeterThread: Thread started: 秒杀并发线程组 1-41
2026-05-08 18:20:58,804 INFO o.a.j.m.J.生成JWT令牌: Generated JWT for userId=41
2026-05-08 18:20:58,822 INFO o.a.j.t.JMeterThread: Thread is done: 秒杀并发线程组 1-41
2026-05-08 18:20:58,822 INFO o.a.j.t.JMeterThread: Thread finished: 秒杀并发线程组 1-41
2026-05-08 18:20:58,845 INFO o.a.j.t.JMeterThread: Thread started: 秒杀并发线程组 1-42
2026-05-08 18:20:58,854 INFO o.a.j.m.J.生成JWT令牌: Generated JWT for userId=42
2026-05-08 18:20:58,869 INFO o.a.j.t.JMeterThread: Thread is done: 秒杀并发线程组 1-42
2026-05-08 18:20:58,869 INFO o.a.j.t.JMeterThread: Thread finished: 秒杀并发线程组 1-42
2026-05-08 18:20:58,895 INFO o.a.j.t.JMeterThread: Thread started: 秒杀并发线程组 1-43
2026-05-08 18:20:58,905 INFO o.a.j.m.J.生成JWT令牌: Generated JWT for userId=43
2026-05-08 18:20:58,920 INFO o.a.j.t.JMeterThread: Thread is done: 秒杀并发线程组 1-43
2026-05-08 18:20:58,920 INFO o.a.j.t.JMeterThread: Thread finished: 秒杀并发线程组 1-43
2026-05-08 18:20:58,945 INFO o.a.j.t.JMeterThread: Thread started: 秒杀并发线程组 1-44
2026-05-08 18:20:58,957 INFO o.a.j.m.J.生成JWT令牌: Generated JWT for userId=44
2026-05-08 18:20:58,973 INFO o.a.j.t.JMeterThread: Thread is done: 秒杀并发线程组 1-44
2026-05-08 18:20:58,973 INFO o.a.j.t.JMeterThread: Thread finished: 秒杀并发线程组 1-44
2026-05-08 18:20:58,996 INFO o.a.j.t.JMeterThread: Thread started: 秒杀并发线程组 1-45
2026-05-08 18:20:59,007 INFO o.a.j.m.J.生成JWT令牌: Generated JWT for userId=45
2026-05-08 18:20:59,020 INFO o.a.j.t.JMeterThread: Thread is done: 秒杀并发线程组 1-45
2026-05-08 18:20:59,020 INFO o.a.j.t.JMeterThread: Thread finished: 秒杀并发线程组 1-45
2026-05-08 18:20:59,045 INFO o.a.j.t.JMeterThread: Thread started: 秒杀并发线程组 1-46
2026-05-08 18:20:59,055 INFO o.a.j.m.J.生成JWT令牌: Generated JWT for userId=46
2026-05-08 18:20:59,070 INFO o.a.j.t.JMeterThread: Thread is done: 秒杀并发线程组 1-46
2026-05-08 18:20:59,070 INFO o.a.j.t.JMeterThread: Thread finished: 秒杀并发线程组 1-46
2026-05-08 18:20:59,095 INFO o.a.j.t.JMeterThread: Thread started: 秒杀并发线程组 1-47
2026-05-08 18:20:59,112 INFO o.a.j.m.J.生成JWT令牌: Generated JWT for userId=47
2026-05-08 18:20:59,127 INFO o.a.j.t.JMeterThread: Thread is done: 秒杀并发线程组 1-47
2026-05-08 18:20:59,127 INFO o.a.j.t.JMeterThread: Thread finished: 秒杀并发线程组 1-47
2026-05-08 18:20:59,144 INFO o.a.j.t.JMeterThread: Thread started: 秒杀并发线程组 1-48
2026-05-08 18:20:59,152 INFO o.a.j.m.J.生成JWT令牌: Generated JWT for userId=48
2026-05-08 18:20:59,168 INFO o.a.j.t.JMeterThread: Thread is done: 秒杀并发线程组 1-48
2026-05-08 18:20:59,168 INFO o.a.j.t.JMeterThread: Thread finished: 秒杀并发线程组 1-48
2026-05-08 18:20:59,195 INFO o.a.j.t.JMeterThread: Thread started: 秒杀并发线程组 1-49
2026-05-08 18:20:59,203 INFO o.a.j.m.J.生成JWT令牌: Generated JWT for userId=49
2026-05-08 18:20:59,215 INFO o.a.j.t.JMeterThread: Thread is done: 秒杀并发线程组 1-49
2026-05-08 18:20:59,216 INFO o.a.j.t.JMeterThread: Thread finished: 秒杀并发线程组 1-49
2026-05-08 18:20:59,246 INFO o.a.j.t.JMeterThread: Thread started: 秒杀并发线程组 1-50
2026-05-08 18:20:59,255 INFO o.a.j.m.J.生成JWT令牌: Generated JWT for userId=50
2026-05-08 18:20:59,289 INFO o.a.j.t.JMeterThread: Thread is done: 秒杀并发线程组 1-50
2026-05-08 18:20:59,289 INFO o.a.j.t.JMeterThread: Thread finished: 秒杀并发线程组 1-50
2026-05-08 18:20:59,295 INFO o.a.j.t.JMeterThread: Thread started: 秒杀并发线程组 1-51
2026-05-08 18:20:59,305 INFO o.a.j.m.J.生成JWT令牌: Generated JWT for userId=51
2026-05-08 18:20:59,318 INFO o.a.j.t.JMeterThread: Thread is done: 秒杀并发线程组 1-51
2026-05-08 18:20:59,318 INFO o.a.j.t.JMeterThread: Thread finished: 秒杀并发线程组 1-51
2026-05-08 18:20:59,344 INFO o.a.j.t.JMeterThread: Thread started: 秒杀并发线程组 1-52
2026-05-08 18:20:59,354 INFO o.a.j.m.J.生成JWT令牌: Generated JWT for userId=52
2026-05-08 18:20:59,368 INFO o.a.j.t.JMeterThread: Thread is done: 秒杀并发线程组 1-52
2026-05-08 18:20:59,369 INFO o.a.j.t.JMeterThread: Thread finished: 秒杀并发线程组 1-52
2026-05-08 18:20:59,395 INFO o.a.j.t.JMeterThread: Thread started: 秒杀并发线程组 1-53
2026-05-08 18:20:59,405 INFO o.a.j.m.J.生成JWT令牌: Generated JWT for userId=53
2026-05-08 18:20:59,419 INFO o.a.j.t.JMeterThread: Thread is done: 秒杀并发线程组 1-53
2026-05-08 18:20:59,419 INFO o.a.j.t.JMeterThread: Thread finished: 秒杀并发线程组 1-53
2026-05-08 18:20:59,444 INFO o.a.j.t.JMeterThread: Thread started: 秒杀并发线程组 1-54
2026-05-08 18:20:59,452 INFO o.a.j.m.J.生成JWT令牌: Generated JWT for userId=54
2026-05-08 18:20:59,465 INFO o.a.j.t.JMeterThread: Thread is done: 秒杀并发线程组 1-54
2026-05-08 18:20:59,465 INFO o.a.j.t.JMeterThread: Thread finished: 秒杀并发线程组 1-54
2026-05-08 18:20:59,495 INFO o.a.j.t.JMeterThread: Thread started: 秒杀并发线程组 1-55
2026-05-08 18:20:59,506 INFO o.a.j.m.J.生成JWT令牌: Generated JWT for userId=55
2026-05-08 18:20:59,519 INFO o.a.j.t.JMeterThread: Thread is done: 秒杀并发线程组 1-55
2026-05-08 18:20:59,519 INFO o.a.j.t.JMeterThread: Thread finished: 秒杀并发线程组 1-55
2026-05-08 18:20:59,545 INFO o.a.j.t.JMeterThread: Thread started: 秒杀并发线程组 1-56
2026-05-08 18:20:59,555 INFO o.a.j.m.J.生成JWT令牌: Generated JWT for userId=56
2026-05-08 18:20:59,571 INFO o.a.j.t.JMeterThread: Thread is done: 秒杀并发线程组 1-56
2026-05-08 18:20:59,571 INFO o.a.j.t.JMeterThread: Thread finished: 秒杀并发线程组 1-56
2026-05-08 18:20:59,596 INFO o.a.j.t.JMeterThread: Thread started: 秒杀并发线程组 1-57
2026-05-08 18:20:59,611 INFO o.a.j.m.J.生成JWT令牌: Generated JWT for userId=57
2026-05-08 18:20:59,625 INFO o.a.j.t.JMeterThread: Thread is done: 秒杀并发线程组 1-57
2026-05-08 18:20:59,625 INFO o.a.j.t.JMeterThread: Thread finished: 秒杀并发线程组 1-57
2026-05-08 18:20:59,646 INFO o.a.j.t.JMeterThread: Thread started: 秒杀并发线程组 1-58
2026-05-08 18:20:59,653 INFO o.a.j.m.J.生成JWT令牌: Generated JWT for userId=58
2026-05-08 18:20:59,664 INFO o.a.j.t.JMeterThread: Thread is done: 秒杀并发线程组 1-58
2026-05-08 18:20:59,665 INFO o.a.j.t.JMeterThread: Thread finished: 秒杀并发线程组 1-58
2026-05-08 18:20:59,695 INFO o.a.j.t.JMeterThread: Thread started: 秒杀并发线程组 1-59
2026-05-08 18:20:59,702 INFO o.a.j.m.J.生成JWT令牌: Generated JWT for userId=59
2026-05-08 18:20:59,713 INFO o.a.j.t.JMeterThread: Thread is done: 秒杀并发线程组 1-59
2026-05-08 18:20:59,713 INFO o.a.j.t.JMeterThread: Thread finished: 秒杀并发线程组 1-59
2026-05-08 18:20:59,745 INFO o.a.j.t.JMeterThread: Thread started: 秒杀并发线程组 1-60
2026-05-08 18:20:59,754 INFO o.a.j.m.J.生成JWT令牌: Generated JWT for userId=60
2026-05-08 18:20:59,769 INFO o.a.j.t.JMeterThread: Thread is done: 秒杀并发线程组 1-60
2026-05-08 18:20:59,769 INFO o.a.j.t.JMeterThread: Thread finished: 秒杀并发线程组 1-60
2026-05-08 18:20:59,794 INFO o.a.j.t.JMeterThread: Thread started: 秒杀并发线程组 1-61
2026-05-08 18:20:59,802 INFO o.a.j.m.J.生成JWT令牌: Generated JWT for userId=61
2026-05-08 18:20:59,813 INFO o.a.j.t.JMeterThread: Thread is done: 秒杀并发线程组 1-61
2026-05-08 18:20:59,813 INFO o.a.j.t.JMeterThread: Thread finished: 秒杀并发线程组 1-61
2026-05-08 18:20:59,844 INFO o.a.j.t.JMeterThread: Thread started: 秒杀并发线程组 1-62
2026-05-08 18:20:59,854 INFO o.a.j.m.J.生成JWT令牌: Generated JWT for userId=62
2026-05-08 18:20:59,864 INFO o.a.j.t.JMeterThread: Thread is done: 秒杀并发线程组 1-62
2026-05-08 18:20:59,864 INFO o.a.j.t.JMeterThread: Thread finished: 秒杀并发线程组 1-62
2026-05-08 18:20:59,896 INFO o.a.j.t.JMeterThread: Thread started: 秒杀并发线程组 1-63
2026-05-08 18:20:59,909 INFO o.a.j.m.J.生成JWT令牌: Generated JWT for userId=63
2026-05-08 18:20:59,921 INFO o.a.j.t.JMeterThread: Thread is done: 秒杀并发线程组 1-63
2026-05-08 18:20:59,921 INFO o.a.j.t.JMeterThread: Thread finished: 秒杀并发线程组 1-63
2026-05-08 18:20:59,944 INFO o.a.j.t.JMeterThread: Thread started: 秒杀并发线程组 1-64
2026-05-08 18:20:59,984 INFO o.a.j.m.J.生成JWT令牌: Generated JWT for userId=64
2026-05-08 18:20:59,994 INFO o.a.j.t.JMeterThread: Thread started: 秒杀并发线程组 1-65
2026-05-08 18:20:59,998 INFO o.a.j.t.JMeterThread: Thread is done: 秒杀并发线程组 1-64
2026-05-08 18:20:59,998 INFO o.a.j.t.JMeterThread: Thread finished: 秒杀并发线程组 1-64
2026-05-08 18:21:00,013 INFO o.a.j.m.J.生成JWT令牌: Generated JWT for userId=65
2026-05-08 18:21:00,028 INFO o.a.j.t.JMeterThread: Thread is done: 秒杀并发线程组 1-65
2026-05-08 18:21:00,028 INFO o.a.j.t.JMeterThread: Thread finished: 秒杀并发线程组 1-65
2026-05-08 18:21:00,044 INFO o.a.j.t.JMeterThread: Thread started: 秒杀并发线程组 1-66
2026-05-08 18:21:00,058 INFO o.a.j.m.J.生成JWT令牌: Generated JWT for userId=66
2026-05-08 18:21:00,070 INFO o.a.j.t.JMeterThread: Thread is done: 秒杀并发线程组 1-66
2026-05-08 18:21:00,070 INFO o.a.j.t.JMeterThread: Thread finished: 秒杀并发线程组 1-66
2026-05-08 18:21:00,095 INFO o.a.j.t.JMeterThread: Thread started: 秒杀并发线程组 1-67
2026-05-08 18:21:00,106 INFO o.a.j.m.J.生成JWT令牌: Generated JWT for userId=67
2026-05-08 18:21:00,117 INFO o.a.j.t.JMeterThread: Thread is done: 秒杀并发线程组 1-67
2026-05-08 18:21:00,119 INFO o.a.j.t.JMeterThread: Thread finished: 秒杀并发线程组 1-67
2026-05-08 18:21:00,146 INFO o.a.j.t.JMeterThread: Thread started: 秒杀并发线程组 1-68
2026-05-08 18:21:00,157 INFO o.a.j.m.J.生成JWT令牌: Generated JWT for userId=68
2026-05-08 18:21:00,168 INFO o.a.j.t.JMeterThread: Thread is done: 秒杀并发线程组 1-68
2026-05-08 18:21:00,169 INFO o.a.j.t.JMeterThread: Thread finished: 秒杀并发线程组 1-68
2026-05-08 18:21:00,195 INFO o.a.j.t.JMeterThread: Thread started: 秒杀并发线程组 1-69
2026-05-08 18:21:00,206 INFO o.a.j.m.J.生成JWT令牌: Generated JWT for userId=69
2026-05-08 18:21:00,220 INFO o.a.j.t.JMeterThread: Thread is done: 秒杀并发线程组 1-69
2026-05-08 18:21:00,220 INFO o.a.j.t.JMeterThread: Thread finished: 秒杀并发线程组 1-69
2026-05-08 18:21:00,244 INFO o.a.j.t.JMeterThread: Thread started: 秒杀并发线程组 1-70
2026-05-08 18:21:00,256 INFO o.a.j.m.J.生成JWT令牌: Generated JWT for userId=70
2026-05-08 18:21:00,268 INFO o.a.j.t.JMeterThread: Thread is done: 秒杀并发线程组 1-70
2026-05-08 18:21:00,268 INFO o.a.j.t.JMeterThread: Thread finished: 秒杀并发线程组 1-70
2026-05-08 18:21:00,295 INFO o.a.j.t.JMeterThread: Thread started: 秒杀并发线程组 1-71
2026-05-08 18:21:00,307 INFO o.a.j.m.J.生成JWT令牌: Generated JWT for userId=71
2026-05-08 18:21:00,318 INFO o.a.j.t.JMeterThread: Thread is done: 秒杀并发线程组 1-71
2026-05-08 18:21:00,318 INFO o.a.j.t.JMeterThread: Thread finished: 秒杀并发线程组 1-71
2026-05-08 18:21:00,344 INFO o.a.j.t.JMeterThread: Thread started: 秒杀并发线程组 1-72
2026-05-08 18:21:00,354 INFO o.a.j.m.J.生成JWT令牌: Generated JWT for userId=72
2026-05-08 18:21:00,365 INFO o.a.j.t.JMeterThread: Thread is done: 秒杀并发线程组 1-72
2026-05-08 18:21:00,365 INFO o.a.j.t.JMeterThread: Thread finished: 秒杀并发线程组 1-72
2026-05-08 18:21:00,395 INFO o.a.j.t.JMeterThread: Thread started: 秒杀并发线程组 1-73
2026-05-08 18:21:00,407 INFO o.a.j.m.J.生成JWT令牌: Generated JWT for userId=73
2026-05-08 18:21:00,420 INFO o.a.j.t.JMeterThread: Thread is done: 秒杀并发线程组 1-73
2026-05-08 18:21:00,420 INFO o.a.j.t.JMeterThread: Thread finished: 秒杀并发线程组 1-73
2026-05-08 18:21:00,445 INFO o.a.j.t.JMeterThread: Thread started: 秒杀并发线程组 1-74
2026-05-08 18:21:00,460 INFO o.a.j.m.J.生成JWT令牌: Generated JWT for userId=74
2026-05-08 18:21:00,474 INFO o.a.j.t.JMeterThread: Thread is done: 秒杀并发线程组 1-74
2026-05-08 18:21:00,474 INFO o.a.j.t.JMeterThread: Thread finished: 秒杀并发线程组 1-74
2026-05-08 18:21:00,496 INFO o.a.j.t.JMeterThread: Thread started: 秒杀并发线程组 1-75
2026-05-08 18:21:00,508 INFO o.a.j.m.J.生成JWT令牌: Generated JWT for userId=75
2026-05-08 18:21:00,522 INFO o.a.j.t.JMeterThread: Thread is done: 秒杀并发线程组 1-75
2026-05-08 18:21:00,522 INFO o.a.j.t.JMeterThread: Thread finished: 秒杀并发线程组 1-75
2026-05-08 18:21:00,545 INFO o.a.j.t.JMeterThread: Thread started: 秒杀并发线程组 1-76
2026-05-08 18:21:00,556 INFO o.a.j.m.J.生成JWT令牌: Generated JWT for userId=76
2026-05-08 18:21:00,567 INFO o.a.j.t.JMeterThread: Thread is done: 秒杀并发线程组 1-76
2026-05-08 18:21:00,567 INFO o.a.j.t.JMeterThread: Thread finished: 秒杀并发线程组 1-76
2026-05-08 18:21:00,594 INFO o.a.j.t.JMeterThread: Thread started: 秒杀并发线程组 1-77
2026-05-08 18:21:00,606 INFO o.a.j.m.J.生成JWT令牌: Generated JWT for userId=77
2026-05-08 18:21:00,618 INFO o.a.j.t.JMeterThread: Thread is done: 秒杀并发线程组 1-77
2026-05-08 18:21:00,618 INFO o.a.j.t.JMeterThread: Thread finished: 秒杀并发线程组 1-77
2026-05-08 18:21:00,644 INFO o.a.j.t.JMeterThread: Thread started: 秒杀并发线程组 1-78
2026-05-08 18:21:00,656 INFO o.a.j.m.J.生成JWT令牌: Generated JWT for userId=78
2026-05-08 18:21:00,668 INFO o.a.j.t.JMeterThread: Thread is done: 秒杀并发线程组 1-78
2026-05-08 18:21:00,668 INFO o.a.j.t.JMeterThread: Thread finished: 秒杀并发线程组 1-78
2026-05-08 18:21:00,695 INFO o.a.j.t.JMeterThread: Thread started: 秒杀并发线程组 1-79
2026-05-08 18:21:00,706 INFO o.a.j.m.J.生成JWT令牌: Generated JWT for userId=79
2026-05-08 18:21:00,719 INFO o.a.j.t.JMeterThread: Thread is done: 秒杀并发线程组 1-79
2026-05-08 18:21:00,719 INFO o.a.j.t.JMeterThread: Thread finished: 秒杀并发线程组 1-79
2026-05-08 18:21:00,744 INFO o.a.j.t.JMeterThread: Thread started: 秒杀并发线程组 1-80
2026-05-08 18:21:00,756 INFO o.a.j.m.J.生成JWT令牌: Generated JWT for userId=80
2026-05-08 18:21:00,768 INFO o.a.j.t.JMeterThread: Thread is done: 秒杀并发线程组 1-80
2026-05-08 18:21:00,768 INFO o.a.j.t.JMeterThread: Thread finished: 秒杀并发线程组 1-80
2026-05-08 18:21:00,795 INFO o.a.j.t.JMeterThread: Thread started: 秒杀并发线程组 1-81
2026-05-08 18:21:00,806 INFO o.a.j.m.J.生成JWT令牌: Generated JWT for userId=81
2026-05-08 18:21:00,818 INFO o.a.j.t.JMeterThread: Thread is done: 秒杀并发线程组 1-81
2026-05-08 18:21:00,818 INFO o.a.j.t.JMeterThread: Thread finished: 秒杀并发线程组 1-81
2026-05-08 18:21:00,846 INFO o.a.j.t.JMeterThread: Thread started: 秒杀并发线程组 1-82
2026-05-08 18:21:00,860 INFO o.a.j.m.J.生成JWT令牌: Generated JWT for userId=82
2026-05-08 18:21:00,877 INFO o.a.j.t.JMeterThread: Thread is done: 秒杀并发线程组 1-82
2026-05-08 18:21:00,877 INFO o.a.j.t.JMeterThread: Thread finished: 秒杀并发线程组 1-82
2026-05-08 18:21:00,907 INFO o.a.j.t.JMeterThread: Thread started: 秒杀并发线程组 1-83
2026-05-08 18:21:00,917 INFO o.a.j.m.J.生成JWT令牌: Generated JWT for userId=83
2026-05-08 18:21:00,922 INFO o.a.j.t.JMeterThread: Thread is done: 秒杀并发线程组 1-83
2026-05-08 18:21:00,922 INFO o.a.j.t.JMeterThread: Thread finished: 秒杀并发线程组 1-83
2026-05-08 18:21:00,953 INFO o.a.j.t.JMeterThread: Thread started: 秒杀并发线程组 1-84
2026-05-08 18:21:00,965 INFO o.a.j.m.J.生成JWT令牌: Generated JWT for userId=84
2026-05-08 18:21:00,970 INFO o.a.j.t.JMeterThread: Thread is done: 秒杀并发线程组 1-84
2026-05-08 18:21:00,970 INFO o.a.j.t.JMeterThread: Thread finished: 秒杀并发线程组 1-84
2026-05-08 18:21:01,000 INFO o.a.j.t.JMeterThread: Thread started: 秒杀并发线程组 1-85
2026-05-08 18:21:01,006 INFO o.a.j.m.J.生成JWT令牌: Generated JWT for userId=85
2026-05-08 18:21:01,011 INFO o.a.j.t.JMeterThread: Thread is done: 秒杀并发线程组 1-85
2026-05-08 18:21:01,011 INFO o.a.j.t.JMeterThread: Thread finished: 秒杀并发线程组 1-85
2026-05-08 18:21:01,046 INFO o.a.j.t.JMeterThread: Thread started: 秒杀并发线程组 1-86
2026-05-08 18:21:01,058 INFO o.a.j.m.J.生成JWT令牌: Generated JWT for userId=86
2026-05-08 18:21:01,066 INFO o.a.j.t.JMeterThread: Thread is done: 秒杀并发线程组 1-86
2026-05-08 18:21:01,066 INFO o.a.j.t.JMeterThread: Thread finished: 秒杀并发线程组 1-86
2026-05-08 18:21:01,106 INFO o.a.j.t.JMeterThread: Thread started: 秒杀并发线程组 1-87
2026-05-08 18:21:01,118 INFO o.a.j.m.J.生成JWT令牌: Generated JWT for userId=87
2026-05-08 18:21:01,124 INFO o.a.j.t.JMeterThread: Thread is done: 秒杀并发线程组 1-87
2026-05-08 18:21:01,124 INFO o.a.j.t.JMeterThread: Thread finished: 秒杀并发线程组 1-87
2026-05-08 18:21:01,145 INFO o.a.j.t.JMeterThread: Thread started: 秒杀并发线程组 1-88
2026-05-08 18:21:01,156 INFO o.a.j.m.J.生成JWT令牌: Generated JWT for userId=88
2026-05-08 18:21:01,160 INFO o.a.j.t.JMeterThread: Thread is done: 秒杀并发线程组 1-88
2026-05-08 18:21:01,160 INFO o.a.j.t.JMeterThread: Thread finished: 秒杀并发线程组 1-88
2026-05-08 18:21:01,195 INFO o.a.j.t.JMeterThread: Thread started: 秒杀并发线程组 1-89
2026-05-08 18:21:01,205 INFO o.a.j.m.J.生成JWT令牌: Generated JWT for userId=89
2026-05-08 18:21:01,209 INFO o.a.j.t.JMeterThread: Thread is done: 秒杀并发线程组 1-89
2026-05-08 18:21:01,210 INFO o.a.j.t.JMeterThread: Thread finished: 秒杀并发线程组 1-89
2026-05-08 18:21:01,246 INFO o.a.j.t.JMeterThread: Thread started: 秒杀并发线程组 1-90
2026-05-08 18:21:01,257 INFO o.a.j.m.J.生成JWT令牌: Generated JWT for userId=90
2026-05-08 18:21:01,261 INFO o.a.j.t.JMeterThread: Thread is done: 秒杀并发线程组 1-90
2026-05-08 18:21:01,261 INFO o.a.j.t.JMeterThread: Thread finished: 秒杀并发线程组 1-90
2026-05-08 18:21:01,296 INFO o.a.j.t.JMeterThread: Thread started: 秒杀并发线程组 1-91
2026-05-08 18:21:01,307 INFO o.a.j.m.J.生成JWT令牌: Generated JWT for userId=91
2026-05-08 18:21:01,311 INFO o.a.j.t.JMeterThread: Thread is done: 秒杀并发线程组 1-91
2026-05-08 18:21:01,311 INFO o.a.j.t.JMeterThread: Thread finished: 秒杀并发线程组 1-91
2026-05-08 18:21:01,345 INFO o.a.j.t.JMeterThread: Thread started: 秒杀并发线程组 1-92
2026-05-08 18:21:01,355 INFO o.a.j.m.J.生成JWT令牌: Generated JWT for userId=92
2026-05-08 18:21:01,358 INFO o.a.j.t.JMeterThread: Thread is done: 秒杀并发线程组 1-92
2026-05-08 18:21:01,358 INFO o.a.j.t.JMeterThread: Thread finished: 秒杀并发线程组 1-92
2026-05-08 18:21:01,395 INFO o.a.j.t.JMeterThread: Thread started: 秒杀并发线程组 1-93
2026-05-08 18:21:01,404 INFO o.a.j.m.J.生成JWT令牌: Generated JWT for userId=93
2026-05-08 18:21:01,408 INFO o.a.j.t.JMeterThread: Thread is done: 秒杀并发线程组 1-93
2026-05-08 18:21:01,408 INFO o.a.j.t.JMeterThread: Thread finished: 秒杀并发线程组 1-93
2026-05-08 18:21:01,445 INFO o.a.j.t.JMeterThread: Thread started: 秒杀并发线程组 1-94
2026-05-08 18:21:01,453 INFO o.a.j.m.J.生成JWT令牌: Generated JWT for userId=94
2026-05-08 18:21:01,459 INFO o.a.j.t.JMeterThread: Thread is done: 秒杀并发线程组 1-94
2026-05-08 18:21:01,459 INFO o.a.j.t.JMeterThread: Thread finished: 秒杀并发线程组 1-94
2026-05-08 18:21:01,495 INFO o.a.j.t.JMeterThread: Thread started: 秒杀并发线程组 1-95
2026-05-08 18:21:01,506 INFO o.a.j.m.J.生成JWT令牌: Generated JWT for userId=95
2026-05-08 18:21:01,511 INFO o.a.j.t.JMeterThread: Thread is done: 秒杀并发线程组 1-95
2026-05-08 18:21:01,511 INFO o.a.j.t.JMeterThread: Thread finished: 秒杀并发线程组 1-95
2026-05-08 18:21:01,545 INFO o.a.j.t.JMeterThread: Thread started: 秒杀并发线程组 1-96
2026-05-08 18:21:01,555 INFO o.a.j.m.J.生成JWT令牌: Generated JWT for userId=96
2026-05-08 18:21:01,559 INFO o.a.j.t.JMeterThread: Thread is done: 秒杀并发线程组 1-96
2026-05-08 18:21:01,559 INFO o.a.j.t.JMeterThread: Thread finished: 秒杀并发线程组 1-96
2026-05-08 18:21:01,596 INFO o.a.j.t.JMeterThread: Thread started: 秒杀并发线程组 1-97
2026-05-08 18:21:01,607 INFO o.a.j.m.J.生成JWT令牌: Generated JWT for userId=97
2026-05-08 18:21:01,611 INFO o.a.j.t.JMeterThread: Thread is done: 秒杀并发线程组 1-97
2026-05-08 18:21:01,611 INFO o.a.j.t.JMeterThread: Thread finished: 秒杀并发线程组 1-97
2026-05-08 18:21:01,644 INFO o.a.j.t.JMeterThread: Thread started: 秒杀并发线程组 1-98
2026-05-08 18:21:01,654 INFO o.a.j.m.J.生成JWT令牌: Generated JWT for userId=98
2026-05-08 18:21:01,658 INFO o.a.j.t.JMeterThread: Thread is done: 秒杀并发线程组 1-98
2026-05-08 18:21:01,658 INFO o.a.j.t.JMeterThread: Thread finished: 秒杀并发线程组 1-98
2026-05-08 18:21:01,695 INFO o.a.j.t.JMeterThread: Thread started: 秒杀并发线程组 1-99
2026-05-08 18:21:01,706 INFO o.a.j.m.J.生成JWT令牌: Generated JWT for userId=99
2026-05-08 18:21:01,711 INFO o.a.j.t.JMeterThread: Thread is done: 秒杀并发线程组 1-99
2026-05-08 18:21:01,711 INFO o.a.j.t.JMeterThread: Thread finished: 秒杀并发线程组 1-99
2026-05-08 18:21:01,744 INFO o.a.j.t.JMeterThread: Thread started: 秒杀并发线程组 1-100
2026-05-08 18:21:01,755 INFO o.a.j.m.J.生成JWT令牌: Generated JWT for userId=100
2026-05-08 18:21:01,759 INFO o.a.j.t.JMeterThread: Thread is done: 秒杀并发线程组 1-100
2026-05-08 18:21:01,759 INFO o.a.j.t.JMeterThread: Thread finished: 秒杀并发线程组 1-100
2026-05-08 18:21:01,759 INFO o.a.j.e.StandardJMeterEngine: Notifying test listeners of end of test
2026-05-08 18:21:01,759 INFO o.a.j.s.FileServer: Close: src/test/jmeter/test_users.csv
2026-05-08 18:21:01,764 INFO o.a.j.g.u.JMeterMenuBar: setRunning(false, *local*)
2026-05-08 18:25:21,327 INFO o.a.j.g.a.Load: Loading file: E:\mall\my_mall\src\test\jmeter\seckill_stress_test.jmx
2026-05-08 18:25:21,327 INFO o.a.j.s.FileServer: Set new base='E:\mall\my_mall\src\test\jmeter'
2026-05-08 18:25:21,327 INFO o.a.j.s.SaveService: Loading file: E:\mall\my_mall\src\test\jmeter\seckill_stress_test.jmx
2026-05-08 18:25:21,408 INFO o.a.j.s.FileServer: Set new base='E:\mall\my_mall\src\test\jmeter'
2026-05-08 18:27:27,836 INFO o.a.j.e.StandardJMeterEngine: Running the test!
2026-05-08 18:27:27,836 INFO o.a.j.s.SampleEvent: List of sample_variables: []
2026-05-08 18:27:27,836 INFO o.a.j.g.u.JMeterMenuBar: setRunning(true, *local*)
2026-05-08 18:27:27,866 INFO o.a.j.e.StandardJMeterEngine: Starting ThreadGroup: 1 : 秒杀并发线程组
2026-05-08 18:27:27,867 INFO o.a.j.e.StandardJMeterEngine: Starting 100 threads for group 秒杀并发线程组.
2026-05-08 18:27:27,867 INFO o.a.j.e.StandardJMeterEngine: Thread will continue on error
2026-05-08 18:27:27,867 INFO o.a.j.t.ThreadGroup: Starting thread group... number=1 threads=100 ramp-up=5 delayedStart=false
2026-05-08 18:27:27,867 INFO o.a.j.t.JMeterThread: Thread started: 秒杀并发线程组 1-1
2026-05-08 18:27:27,867 INFO o.a.j.s.FileServer: Stored: src/test/jmeter/test_users.csv
2026-05-08 18:27:27,875 INFO o.a.j.m.J.生成JWT令牌: Generated JWT for userId=1
2026-05-08 18:27:27,877 INFO o.a.j.t.ThreadGroup: Started thread group number 1
2026-05-08 18:27:27,878 INFO o.a.j.e.StandardJMeterEngine: All thread groups have been started
2026-05-08 18:27:27,922 INFO o.a.j.t.JMeterThread: Thread started: 秒杀并发线程组 1-2
2026-05-08 18:27:27,928 INFO o.a.j.m.J.生成JWT令牌: Generated JWT for userId=2
2026-05-08 18:27:27,968 INFO o.a.j.t.JMeterThread: Thread started: 秒杀并发线程组 1-3
2026-05-08 18:27:27,974 INFO o.a.j.m.J.生成JWT令牌: Generated JWT for userId=3
2026-05-08 18:27:28,030 INFO o.a.j.t.JMeterThread: Thread started: 秒杀并发线程组 1-4
2026-05-08 18:27:28,036 INFO o.a.j.m.J.生成JWT令牌: Generated JWT for userId=4
2026-05-08 18:27:28,076 INFO o.a.j.t.JMeterThread: Thread started: 秒杀并发线程组 1-5
2026-05-08 18:27:28,082 INFO o.a.j.m.J.生成JWT令牌: Generated JWT for userId=5
2026-05-08 18:27:28,122 INFO o.a.j.t.JMeterThread: Thread started: 秒杀并发线程组 1-6
2026-05-08 18:27:28,128 INFO o.a.j.m.J.生成JWT令牌: Generated JWT for userId=6
2026-05-08 18:27:28,131 INFO o.a.j.t.JMeterThread: Thread is done: 秒杀并发线程组 1-3
2026-05-08 18:27:28,131 INFO o.a.j.t.JMeterThread: Thread is done: 秒杀并发线程组 1-4
2026-05-08 18:27:28,131 INFO o.a.j.t.JMeterThread: Thread is done: 秒杀并发线程组 1-2
2026-05-08 18:27:28,131 INFO o.a.j.t.JMeterThread: Thread is done: 秒杀并发线程组 1-5
2026-05-08 18:27:28,131 INFO o.a.j.t.JMeterThread: Thread is done: 秒杀并发线程组 1-1
2026-05-08 18:27:28,131 INFO o.a.j.t.JMeterThread: Thread finished: 秒杀并发线程组 1-5
2026-05-08 18:27:28,131 INFO o.a.j.t.JMeterThread: Thread finished: 秒杀并发线程组 1-1
2026-05-08 18:27:28,131 INFO o.a.j.t.JMeterThread: Thread finished: 秒杀并发线程组 1-2
2026-05-08 18:27:28,131 INFO o.a.j.t.JMeterThread: Thread finished: 秒杀并发线程组 1-4
2026-05-08 18:27:28,131 INFO o.a.j.t.JMeterThread: Thread finished: 秒杀并发线程组 1-3
2026-05-08 18:27:28,143 INFO o.a.j.t.JMeterThread: Thread is done: 秒杀并发线程组 1-6
2026-05-08 18:27:28,143 INFO o.a.j.t.JMeterThread: Thread finished: 秒杀并发线程组 1-6
2026-05-08 18:27:28,168 INFO o.a.j.t.JMeterThread: Thread started: 秒杀并发线程组 1-7
2026-05-08 18:27:28,174 INFO o.a.j.m.J.生成JWT令牌: Generated JWT for userId=7
2026-05-08 18:27:28,191 INFO o.a.j.t.JMeterThread: Thread is done: 秒杀并发线程组 1-7
2026-05-08 18:27:28,191 INFO o.a.j.t.JMeterThread: Thread finished: 秒杀并发线程组 1-7
2026-05-08 18:27:28,230 INFO o.a.j.t.JMeterThread: Thread started: 秒杀并发线程组 1-8
2026-05-08 18:27:28,237 INFO o.a.j.m.J.生成JWT令牌: Generated JWT for userId=8
2026-05-08 18:27:28,249 INFO o.a.j.t.JMeterThread: Thread is done: 秒杀并发线程组 1-8
2026-05-08 18:27:28,250 INFO o.a.j.t.JMeterThread: Thread finished: 秒杀并发线程组 1-8
2026-05-08 18:27:28,269 INFO o.a.j.t.JMeterThread: Thread started: 秒杀并发线程组 1-9
2026-05-08 18:27:28,274 INFO o.a.j.m.J.生成JWT令牌: Generated JWT for userId=9
2026-05-08 18:27:28,287 INFO o.a.j.t.JMeterThread: Thread is done: 秒杀并发线程组 1-9
2026-05-08 18:27:28,287 INFO o.a.j.t.JMeterThread: Thread finished: 秒杀并发线程组 1-9
2026-05-08 18:27:28,317 INFO o.a.j.t.JMeterThread: Thread started: 秒杀并发线程组 1-10
2026-05-08 18:27:28,323 INFO o.a.j.m.J.生成JWT令牌: Generated JWT for userId=10
2026-05-08 18:27:28,335 INFO o.a.j.t.JMeterThread: Thread is done: 秒杀并发线程组 1-10
2026-05-08 18:27:28,335 INFO o.a.j.t.JMeterThread: Thread finished: 秒杀并发线程组 1-10
2026-05-08 18:27:28,367 INFO o.a.j.t.JMeterThread: Thread started: 秒杀并发线程组 1-11
2026-05-08 18:27:28,375 INFO o.a.j.m.J.生成JWT令牌: Generated JWT for userId=11
2026-05-08 18:27:28,389 INFO o.a.j.t.JMeterThread: Thread is done: 秒杀并发线程组 1-11
2026-05-08 18:27:28,389 INFO o.a.j.t.JMeterThread: Thread finished: 秒杀并发线程组 1-11
2026-05-08 18:27:28,417 INFO o.a.j.t.JMeterThread: Thread started: 秒杀并发线程组 1-12
2026-05-08 18:27:28,427 INFO o.a.j.m.J.生成JWT令牌: Generated JWT for userId=12
2026-05-08 18:27:28,444 INFO o.a.j.t.JMeterThread: Thread is done: 秒杀并发线程组 1-12
2026-05-08 18:27:28,444 INFO o.a.j.t.JMeterThread: Thread finished: 秒杀并发线程组 1-12
2026-05-08 18:27:28,468 INFO o.a.j.t.JMeterThread: Thread started: 秒杀并发线程组 1-13
2026-05-08 18:27:28,477 INFO o.a.j.m.J.生成JWT令牌: Generated JWT for userId=13
2026-05-08 18:27:28,492 INFO o.a.j.t.JMeterThread: Thread is done: 秒杀并发线程组 1-13
2026-05-08 18:27:28,492 INFO o.a.j.t.JMeterThread: Thread finished: 秒杀并发线程组 1-13
2026-05-08 18:27:28,519 INFO o.a.j.t.JMeterThread: Thread started: 秒杀并发线程组 1-14
2026-05-08 18:27:28,527 INFO o.a.j.m.J.生成JWT令牌: Generated JWT for userId=14
2026-05-08 18:27:28,544 INFO o.a.j.t.JMeterThread: Thread is done: 秒杀并发线程组 1-14
2026-05-08 18:27:28,544 INFO o.a.j.t.JMeterThread: Thread finished: 秒杀并发线程组 1-14
2026-05-08 18:27:28,569 INFO o.a.j.t.JMeterThread: Thread started: 秒杀并发线程组 1-15
2026-05-08 18:27:28,577 INFO o.a.j.m.J.生成JWT令牌: Generated JWT for userId=15
2026-05-08 18:27:28,591 INFO o.a.j.t.JMeterThread: Thread is done: 秒杀并发线程组 1-15
2026-05-08 18:27:28,591 INFO o.a.j.t.JMeterThread: Thread finished: 秒杀并发线程组 1-15
2026-05-08 18:27:28,619 INFO o.a.j.t.JMeterThread: Thread started: 秒杀并发线程组 1-16
2026-05-08 18:27:28,629 INFO o.a.j.m.J.生成JWT令牌: Generated JWT for userId=16
2026-05-08 18:27:28,644 INFO o.a.j.t.JMeterThread: Thread is done: 秒杀并发线程组 1-16
2026-05-08 18:27:28,644 INFO o.a.j.t.JMeterThread: Thread finished: 秒杀并发线程组 1-16
2026-05-08 18:27:28,669 INFO o.a.j.t.JMeterThread: Thread started: 秒杀并发线程组 1-17
2026-05-08 18:27:28,678 INFO o.a.j.m.J.生成JWT令牌: Generated JWT for userId=17
2026-05-08 18:27:28,693 INFO o.a.j.t.JMeterThread: Thread is done: 秒杀并发线程组 1-17
2026-05-08 18:27:28,693 INFO o.a.j.t.JMeterThread: Thread finished: 秒杀并发线程组 1-17
2026-05-08 18:27:28,719 INFO o.a.j.t.JMeterThread: Thread started: 秒杀并发线程组 1-18
2026-05-08 18:27:28,724 INFO o.a.j.m.J.生成JWT令牌: Generated JWT for userId=18
2026-05-08 18:27:28,738 INFO o.a.j.t.JMeterThread: Thread is done: 秒杀并发线程组 1-18
2026-05-08 18:27:28,738 INFO o.a.j.t.JMeterThread: Thread finished: 秒杀并发线程组 1-18
2026-05-08 18:27:28,768 INFO o.a.j.t.JMeterThread: Thread started: 秒杀并发线程组 1-19
2026-05-08 18:27:28,774 INFO o.a.j.m.J.生成JWT令牌: Generated JWT for userId=19
2026-05-08 18:27:28,787 INFO o.a.j.t.JMeterThread: Thread is done: 秒杀并发线程组 1-19
2026-05-08 18:27:28,787 INFO o.a.j.t.JMeterThread: Thread finished: 秒杀并发线程组 1-19
2026-05-08 18:27:28,818 INFO o.a.j.t.JMeterThread: Thread started: 秒杀并发线程组 1-20
2026-05-08 18:27:28,825 INFO o.a.j.m.J.生成JWT令牌: Generated JWT for userId=20
2026-05-08 18:27:28,839 INFO o.a.j.t.JMeterThread: Thread is done: 秒杀并发线程组 1-20
2026-05-08 18:27:28,839 INFO o.a.j.t.JMeterThread: Thread finished: 秒杀并发线程组 1-20
2026-05-08 18:27:28,869 INFO o.a.j.t.JMeterThread: Thread started: 秒杀并发线程组 1-21
2026-05-08 18:27:28,875 INFO o.a.j.m.J.生成JWT令牌: Generated JWT for userId=21
2026-05-08 18:27:28,886 INFO o.a.j.t.JMeterThread: Thread is done: 秒杀并发线程组 1-21
2026-05-08 18:27:28,886 INFO o.a.j.t.JMeterThread: Thread finished: 秒杀并发线程组 1-21
2026-05-08 18:27:28,917 INFO o.a.j.t.JMeterThread: Thread started: 秒杀并发线程组 1-22
2026-05-08 18:27:28,923 INFO o.a.j.m.J.生成JWT令牌: Generated JWT for userId=22
2026-05-08 18:27:28,934 INFO o.a.j.t.JMeterThread: Thread is done: 秒杀并发线程组 1-22
2026-05-08 18:27:28,935 INFO o.a.j.t.JMeterThread: Thread finished: 秒杀并发线程组 1-22
2026-05-08 18:27:28,967 INFO o.a.j.t.JMeterThread: Thread started: 秒杀并发线程组 1-23
2026-05-08 18:27:28,974 INFO o.a.j.m.J.生成JWT令牌: Generated JWT for userId=23
2026-05-08 18:27:28,985 INFO o.a.j.t.JMeterThread: Thread is done: 秒杀并发线程组 1-23
2026-05-08 18:27:28,985 INFO o.a.j.t.JMeterThread: Thread finished: 秒杀并发线程组 1-23
2026-05-08 18:27:29,018 INFO o.a.j.t.JMeterThread: Thread started: 秒杀并发线程组 1-24
2026-05-08 18:27:29,024 INFO o.a.j.m.J.生成JWT令牌: Generated JWT for userId=24
2026-05-08 18:27:29,035 INFO o.a.j.t.JMeterThread: Thread is done: 秒杀并发线程组 1-24
2026-05-08 18:27:29,035 INFO o.a.j.t.JMeterThread: Thread finished: 秒杀并发线程组 1-24
2026-05-08 18:27:29,068 INFO o.a.j.t.JMeterThread: Thread started: 秒杀并发线程组 1-25
2026-05-08 18:27:29,074 INFO o.a.j.m.J.生成JWT令牌: Generated JWT for userId=25
2026-05-08 18:27:29,085 INFO o.a.j.t.JMeterThread: Thread is done: 秒杀并发线程组 1-25
2026-05-08 18:27:29,085 INFO o.a.j.t.JMeterThread: Thread finished: 秒杀并发线程组 1-25
2026-05-08 18:27:29,117 INFO o.a.j.t.JMeterThread: Thread started: 秒杀并发线程组 1-26
2026-05-08 18:27:29,123 INFO o.a.j.m.J.生成JWT令牌: Generated JWT for userId=26
2026-05-08 18:27:29,134 INFO o.a.j.t.JMeterThread: Thread is done: 秒杀并发线程组 1-26
2026-05-08 18:27:29,135 INFO o.a.j.t.JMeterThread: Thread finished: 秒杀并发线程组 1-26
2026-05-08 18:27:29,168 INFO o.a.j.t.JMeterThread: Thread started: 秒杀并发线程组 1-27
2026-05-08 18:27:29,174 INFO o.a.j.m.J.生成JWT令牌: Generated JWT for userId=27
2026-05-08 18:27:29,188 INFO o.a.j.t.JMeterThread: Thread is done: 秒杀并发线程组 1-27
2026-05-08 18:27:29,188 INFO o.a.j.t.JMeterThread: Thread finished: 秒杀并发线程组 1-27
2026-05-08 18:27:29,217 INFO o.a.j.t.JMeterThread: Thread started: 秒杀并发线程组 1-28
2026-05-08 18:27:29,241 INFO o.a.j.m.J.生成JWT令牌: Generated JWT for userId=28
2026-05-08 18:27:29,253 INFO o.a.j.t.JMeterThread: Thread is done: 秒杀并发线程组 1-28
2026-05-08 18:27:29,253 INFO o.a.j.t.JMeterThread: Thread finished: 秒杀并发线程组 1-28
2026-05-08 18:27:29,269 INFO o.a.j.t.JMeterThread: Thread started: 秒杀并发线程组 1-29
2026-05-08 18:27:29,276 INFO o.a.j.m.J.生成JWT令牌: Generated JWT for userId=29
2026-05-08 18:27:29,290 INFO o.a.j.t.JMeterThread: Thread is done: 秒杀并发线程组 1-29
2026-05-08 18:27:29,290 INFO o.a.j.t.JMeterThread: Thread finished: 秒杀并发线程组 1-29
2026-05-08 18:27:29,319 INFO o.a.j.t.JMeterThread: Thread started: 秒杀并发线程组 1-30
2026-05-08 18:27:29,324 INFO o.a.j.m.J.生成JWT令牌: Generated JWT for userId=30
2026-05-08 18:27:29,335 INFO o.a.j.t.JMeterThread: Thread is done: 秒杀并发线程组 1-30
2026-05-08 18:27:29,335 INFO o.a.j.t.JMeterThread: Thread finished: 秒杀并发线程组 1-30
2026-05-08 18:27:29,368 INFO o.a.j.t.JMeterThread: Thread started: 秒杀并发线程组 1-31
2026-05-08 18:27:29,374 INFO o.a.j.m.J.生成JWT令牌: Generated JWT for userId=31
2026-05-08 18:27:29,385 INFO o.a.j.t.JMeterThread: Thread is done: 秒杀并发线程组 1-31
2026-05-08 18:27:29,385 INFO o.a.j.t.JMeterThread: Thread finished: 秒杀并发线程组 1-31
2026-05-08 18:27:29,418 INFO o.a.j.t.JMeterThread: Thread started: 秒杀并发线程组 1-32
2026-05-08 18:27:29,424 INFO o.a.j.m.J.生成JWT令牌: Generated JWT for userId=32
2026-05-08 18:27:29,435 INFO o.a.j.t.JMeterThread: Thread is done: 秒杀并发线程组 1-32
2026-05-08 18:27:29,435 INFO o.a.j.t.JMeterThread: Thread finished: 秒杀并发线程组 1-32
2026-05-08 18:27:29,467 INFO o.a.j.t.JMeterThread: Thread started: 秒杀并发线程组 1-33
2026-05-08 18:27:29,473 INFO o.a.j.m.J.生成JWT令牌: Generated JWT for userId=33
2026-05-08 18:27:29,485 INFO o.a.j.t.JMeterThread: Thread is done: 秒杀并发线程组 1-33
2026-05-08 18:27:29,485 INFO o.a.j.t.JMeterThread: Thread finished: 秒杀并发线程组 1-33
2026-05-08 18:27:29,517 INFO o.a.j.t.JMeterThread: Thread started: 秒杀并发线程组 1-34
2026-05-08 18:27:29,523 INFO o.a.j.m.J.生成JWT令牌: Generated JWT for userId=34
2026-05-08 18:27:29,535 INFO o.a.j.t.JMeterThread: Thread is done: 秒杀并发线程组 1-34
2026-05-08 18:27:29,535 INFO o.a.j.t.JMeterThread: Thread finished: 秒杀并发线程组 1-34
2026-05-08 18:27:29,567 INFO o.a.j.t.JMeterThread: Thread started: 秒杀并发线程组 1-35
2026-05-08 18:27:29,573 INFO o.a.j.m.J.生成JWT令牌: Generated JWT for userId=35
2026-05-08 18:27:29,584 INFO o.a.j.t.JMeterThread: Thread is done: 秒杀并发线程组 1-35
2026-05-08 18:27:29,584 INFO o.a.j.t.JMeterThread: Thread finished: 秒杀并发线程组 1-35
2026-05-08 18:27:29,618 INFO o.a.j.t.JMeterThread: Thread started: 秒杀并发线程组 1-36
2026-05-08 18:27:29,624 INFO o.a.j.m.J.生成JWT令牌: Generated JWT for userId=36
2026-05-08 18:27:29,634 INFO o.a.j.t.JMeterThread: Thread is done: 秒杀并发线程组 1-36
2026-05-08 18:27:29,634 INFO o.a.j.t.JMeterThread: Thread finished: 秒杀并发线程组 1-36
2026-05-08 18:27:29,667 INFO o.a.j.t.JMeterThread: Thread started: 秒杀并发线程组 1-37
2026-05-08 18:27:29,674 INFO o.a.j.m.J.生成JWT令牌: Generated JWT for userId=37
2026-05-08 18:27:29,685 INFO o.a.j.t.JMeterThread: Thread is done: 秒杀并发线程组 1-37
2026-05-08 18:27:29,685 INFO o.a.j.t.JMeterThread: Thread finished: 秒杀并发线程组 1-37
2026-05-08 18:27:29,718 INFO o.a.j.t.JMeterThread: Thread started: 秒杀并发线程组 1-38
2026-05-08 18:27:29,724 INFO o.a.j.m.J.生成JWT令牌: Generated JWT for userId=38
2026-05-08 18:27:29,734 INFO o.a.j.t.JMeterThread: Thread is done: 秒杀并发线程组 1-38
2026-05-08 18:27:29,734 INFO o.a.j.t.JMeterThread: Thread finished: 秒杀并发线程组 1-38
2026-05-08 18:27:29,767 INFO o.a.j.t.JMeterThread: Thread started: 秒杀并发线程组 1-39
2026-05-08 18:27:29,773 INFO o.a.j.m.J.生成JWT令牌: Generated JWT for userId=39
2026-05-08 18:27:29,783 INFO o.a.j.t.JMeterThread: Thread is done: 秒杀并发线程组 1-39
2026-05-08 18:27:29,783 INFO o.a.j.t.JMeterThread: Thread finished: 秒杀并发线程组 1-39
2026-05-08 18:27:29,818 INFO o.a.j.t.JMeterThread: Thread started: 秒杀并发线程组 1-40
2026-05-08 18:27:29,826 INFO o.a.j.m.J.生成JWT令牌: Generated JWT for userId=40
2026-05-08 18:27:29,837 INFO o.a.j.t.JMeterThread: Thread is done: 秒杀并发线程组 1-40
2026-05-08 18:27:29,837 INFO o.a.j.t.JMeterThread: Thread finished: 秒杀并发线程组 1-40
2026-05-08 18:27:29,867 INFO o.a.j.t.JMeterThread: Thread started: 秒杀并发线程组 1-41
2026-05-08 18:27:29,872 INFO o.a.j.m.J.生成JWT令牌: Generated JWT for userId=41
2026-05-08 18:27:29,882 INFO o.a.j.t.JMeterThread: Thread is done: 秒杀并发线程组 1-41
2026-05-08 18:27:29,883 INFO o.a.j.t.JMeterThread: Thread finished: 秒杀并发线程组 1-41
2026-05-08 18:27:29,918 INFO o.a.j.t.JMeterThread: Thread started: 秒杀并发线程组 1-42
2026-05-08 18:27:29,923 INFO o.a.j.m.J.生成JWT令牌: Generated JWT for userId=42
2026-05-08 18:27:29,934 INFO o.a.j.t.JMeterThread: Thread is done: 秒杀并发线程组 1-42
2026-05-08 18:27:29,934 INFO o.a.j.t.JMeterThread: Thread finished: 秒杀并发线程组 1-42
2026-05-08 18:27:29,968 INFO o.a.j.t.JMeterThread: Thread started: 秒杀并发线程组 1-43
2026-05-08 18:27:29,977 INFO o.a.j.m.J.生成JWT令牌: Generated JWT for userId=43
2026-05-08 18:27:29,987 INFO o.a.j.t.JMeterThread: Thread is done: 秒杀并发线程组 1-43
2026-05-08 18:27:29,987 INFO o.a.j.t.JMeterThread: Thread finished: 秒杀并发线程组 1-43
2026-05-08 18:27:30,018 INFO o.a.j.t.JMeterThread: Thread started: 秒杀并发线程组 1-44
2026-05-08 18:27:30,023 INFO o.a.j.m.J.生成JWT令牌: Generated JWT for userId=44
2026-05-08 18:27:30,034 INFO o.a.j.t.JMeterThread: Thread is done: 秒杀并发线程组 1-44
2026-05-08 18:27:30,034 INFO o.a.j.t.JMeterThread: Thread finished: 秒杀并发线程组 1-44
2026-05-08 18:27:30,069 INFO o.a.j.t.JMeterThread: Thread started: 秒杀并发线程组 1-45
2026-05-08 18:27:30,076 INFO o.a.j.m.J.生成JWT令牌: Generated JWT for userId=45
2026-05-08 18:27:30,088 INFO o.a.j.t.JMeterThread: Thread is done: 秒杀并发线程组 1-45
2026-05-08 18:27:30,088 INFO o.a.j.t.JMeterThread: Thread finished: 秒杀并发线程组 1-45
2026-05-08 18:27:30,118 INFO o.a.j.t.JMeterThread: Thread started: 秒杀并发线程组 1-46
2026-05-08 18:27:30,123 INFO o.a.j.m.J.生成JWT令牌: Generated JWT for userId=46
2026-05-08 18:27:30,134 INFO o.a.j.t.JMeterThread: Thread is done: 秒杀并发线程组 1-46
2026-05-08 18:27:30,135 INFO o.a.j.t.JMeterThread: Thread finished: 秒杀并发线程组 1-46
2026-05-08 18:27:30,167 INFO o.a.j.t.JMeterThread: Thread started: 秒杀并发线程组 1-47
2026-05-08 18:27:30,173 INFO o.a.j.m.J.生成JWT令牌: Generated JWT for userId=47
2026-05-08 18:27:30,183 INFO o.a.j.t.JMeterThread: Thread is done: 秒杀并发线程组 1-47
2026-05-08 18:27:30,183 INFO o.a.j.t.JMeterThread: Thread finished: 秒杀并发线程组 1-47
2026-05-08 18:27:30,218 INFO o.a.j.t.JMeterThread: Thread started: 秒杀并发线程组 1-48
2026-05-08 18:27:30,225 INFO o.a.j.m.J.生成JWT令牌: Generated JWT for userId=48
2026-05-08 18:27:30,235 INFO o.a.j.t.JMeterThread: Thread is done: 秒杀并发线程组 1-48
2026-05-08 18:27:30,235 INFO o.a.j.t.JMeterThread: Thread finished: 秒杀并发线程组 1-48
2026-05-08 18:27:30,267 INFO o.a.j.t.JMeterThread: Thread started: 秒杀并发线程组 1-49
2026-05-08 18:27:30,274 INFO o.a.j.m.J.生成JWT令牌: Generated JWT for userId=49
2026-05-08 18:27:30,286 INFO o.a.j.t.JMeterThread: Thread is done: 秒杀并发线程组 1-49
2026-05-08 18:27:30,286 INFO o.a.j.t.JMeterThread: Thread finished: 秒杀并发线程组 1-49
2026-05-08 18:27:30,318 INFO o.a.j.t.JMeterThread: Thread started: 秒杀并发线程组 1-50
2026-05-08 18:27:30,323 INFO o.a.j.m.J.生成JWT令牌: Generated JWT for userId=50
2026-05-08 18:27:30,333 INFO o.a.j.t.JMeterThread: Thread is done: 秒杀并发线程组 1-50
2026-05-08 18:27:30,333 INFO o.a.j.t.JMeterThread: Thread finished: 秒杀并发线程组 1-50
2026-05-08 18:27:30,368 INFO o.a.j.t.JMeterThread: Thread started: 秒杀并发线程组 1-51
2026-05-08 18:27:30,373 INFO o.a.j.m.J.生成JWT令牌: Generated JWT for userId=51
2026-05-08 18:27:30,383 INFO o.a.j.t.JMeterThread: Thread is done: 秒杀并发线程组 1-51
2026-05-08 18:27:30,383 INFO o.a.j.t.JMeterThread: Thread finished: 秒杀并发线程组 1-51
2026-05-08 18:27:30,418 INFO o.a.j.t.JMeterThread: Thread started: 秒杀并发线程组 1-52
2026-05-08 18:27:30,424 INFO o.a.j.m.J.生成JWT令牌: Generated JWT for userId=52
2026-05-08 18:27:30,435 INFO o.a.j.t.JMeterThread: Thread is done: 秒杀并发线程组 1-52
2026-05-08 18:27:30,435 INFO o.a.j.t.JMeterThread: Thread finished: 秒杀并发线程组 1-52
2026-05-08 18:27:30,468 INFO o.a.j.t.JMeterThread: Thread started: 秒杀并发线程组 1-53
2026-05-08 18:27:30,474 INFO o.a.j.m.J.生成JWT令牌: Generated JWT for userId=53
2026-05-08 18:27:30,485 INFO o.a.j.t.JMeterThread: Thread is done: 秒杀并发线程组 1-53
2026-05-08 18:27:30,485 INFO o.a.j.t.JMeterThread: Thread finished: 秒杀并发线程组 1-53
2026-05-08 18:27:30,518 INFO o.a.j.t.JMeterThread: Thread started: 秒杀并发线程组 1-54
2026-05-08 18:27:30,524 INFO o.a.j.m.J.生成JWT令牌: Generated JWT for userId=54
2026-05-08 18:27:30,532 INFO o.a.j.t.JMeterThread: Thread is done: 秒杀并发线程组 1-54
2026-05-08 18:27:30,532 INFO o.a.j.t.JMeterThread: Thread finished: 秒杀并发线程组 1-54
2026-05-08 18:27:30,569 INFO o.a.j.t.JMeterThread: Thread started: 秒杀并发线程组 1-55
2026-05-08 18:27:30,574 INFO o.a.j.m.J.生成JWT令牌: Generated JWT for userId=55
2026-05-08 18:27:30,583 INFO o.a.j.t.JMeterThread: Thread is done: 秒杀并发线程组 1-55
2026-05-08 18:27:30,583 INFO o.a.j.t.JMeterThread: Thread finished: 秒杀并发线程组 1-55
2026-05-08 18:27:30,618 INFO o.a.j.t.JMeterThread: Thread started: 秒杀并发线程组 1-56
2026-05-08 18:27:30,624 INFO o.a.j.m.J.生成JWT令牌: Generated JWT for userId=56
2026-05-08 18:27:30,632 INFO o.a.j.t.JMeterThread: Thread is done: 秒杀并发线程组 1-56
2026-05-08 18:27:30,632 INFO o.a.j.t.JMeterThread: Thread finished: 秒杀并发线程组 1-56
2026-05-08 18:27:30,668 INFO o.a.j.t.JMeterThread: Thread started: 秒杀并发线程组 1-57
2026-05-08 18:27:30,676 INFO o.a.j.m.J.生成JWT令牌: Generated JWT for userId=57
2026-05-08 18:27:30,689 INFO o.a.j.t.JMeterThread: Thread is done: 秒杀并发线程组 1-57
2026-05-08 18:27:30,689 INFO o.a.j.t.JMeterThread: Thread finished: 秒杀并发线程组 1-57
2026-05-08 18:27:30,717 INFO o.a.j.t.JMeterThread: Thread started: 秒杀并发线程组 1-58
2026-05-08 18:27:30,723 INFO o.a.j.m.J.生成JWT令牌: Generated JWT for userId=58
2026-05-08 18:27:30,733 INFO o.a.j.t.JMeterThread: Thread is done: 秒杀并发线程组 1-58
2026-05-08 18:27:30,733 INFO o.a.j.t.JMeterThread: Thread finished: 秒杀并发线程组 1-58
2026-05-08 18:27:30,767 INFO o.a.j.t.JMeterThread: Thread started: 秒杀并发线程组 1-59
2026-05-08 18:27:30,773 INFO o.a.j.m.J.生成JWT令牌: Generated JWT for userId=59
2026-05-08 18:27:30,782 INFO o.a.j.t.JMeterThread: Thread is done: 秒杀并发线程组 1-59
2026-05-08 18:27:30,782 INFO o.a.j.t.JMeterThread: Thread finished: 秒杀并发线程组 1-59
2026-05-08 18:27:30,817 INFO o.a.j.t.JMeterThread: Thread started: 秒杀并发线程组 1-60
2026-05-08 18:27:30,822 INFO o.a.j.m.J.生成JWT令牌: Generated JWT for userId=60
2026-05-08 18:27:30,834 INFO o.a.j.t.JMeterThread: Thread is done: 秒杀并发线程组 1-60
2026-05-08 18:27:30,834 INFO o.a.j.t.JMeterThread: Thread finished: 秒杀并发线程组 1-60
2026-05-08 18:27:30,867 INFO o.a.j.t.JMeterThread: Thread started: 秒杀并发线程组 1-61
2026-05-08 18:27:30,875 INFO o.a.j.m.J.生成JWT令牌: Generated JWT for userId=61
2026-05-08 18:27:30,885 INFO o.a.j.t.JMeterThread: Thread is done: 秒杀并发线程组 1-61
2026-05-08 18:27:30,885 INFO o.a.j.t.JMeterThread: Thread finished: 秒杀并发线程组 1-61
2026-05-08 18:27:30,918 INFO o.a.j.t.JMeterThread: Thread started: 秒杀并发线程组 1-62
2026-05-08 18:27:30,924 INFO o.a.j.m.J.生成JWT令牌: Generated JWT for userId=62
2026-05-08 18:27:30,932 INFO o.a.j.t.JMeterThread: Thread is done: 秒杀并发线程组 1-62
2026-05-08 18:27:30,932 INFO o.a.j.t.JMeterThread: Thread finished: 秒杀并发线程组 1-62
2026-05-08 18:27:30,969 INFO o.a.j.t.JMeterThread: Thread started: 秒杀并发线程组 1-63
2026-05-08 18:27:30,974 INFO o.a.j.m.J.生成JWT令牌: Generated JWT for userId=63
2026-05-08 18:27:30,983 INFO o.a.j.t.JMeterThread: Thread is done: 秒杀并发线程组 1-63
2026-05-08 18:27:30,983 INFO o.a.j.t.JMeterThread: Thread finished: 秒杀并发线程组 1-63
2026-05-08 18:27:31,018 INFO o.a.j.t.JMeterThread: Thread started: 秒杀并发线程组 1-64
2026-05-08 18:27:31,023 INFO o.a.j.m.J.生成JWT令牌: Generated JWT for userId=64
2026-05-08 18:27:31,033 INFO o.a.j.t.JMeterThread: Thread is done: 秒杀并发线程组 1-64
2026-05-08 18:27:31,035 INFO o.a.j.t.JMeterThread: Thread finished: 秒杀并发线程组 1-64
2026-05-08 18:27:31,069 INFO o.a.j.t.JMeterThread: Thread started: 秒杀并发线程组 1-65
2026-05-08 18:27:31,076 INFO o.a.j.m.J.生成JWT令牌: Generated JWT for userId=65
2026-05-08 18:27:31,086 INFO o.a.j.t.JMeterThread: Thread is done: 秒杀并发线程组 1-65
2026-05-08 18:27:31,087 INFO o.a.j.t.JMeterThread: Thread finished: 秒杀并发线程组 1-65
2026-05-08 18:27:31,119 INFO o.a.j.t.JMeterThread: Thread started: 秒杀并发线程组 1-66
2026-05-08 18:27:31,124 INFO o.a.j.m.J.生成JWT令牌: Generated JWT for userId=66
2026-05-08 18:27:31,134 INFO o.a.j.t.JMeterThread: Thread is done: 秒杀并发线程组 1-66
2026-05-08 18:27:31,134 INFO o.a.j.t.JMeterThread: Thread finished: 秒杀并发线程组 1-66
2026-05-08 18:27:31,169 INFO o.a.j.t.JMeterThread: Thread started: 秒杀并发线程组 1-67
2026-05-08 18:27:31,175 INFO o.a.j.m.J.生成JWT令牌: Generated JWT for userId=67
2026-05-08 18:27:31,183 INFO o.a.j.t.JMeterThread: Thread is done: 秒杀并发线程组 1-67
2026-05-08 18:27:31,183 INFO o.a.j.t.JMeterThread: Thread finished: 秒杀并发线程组 1-67
2026-05-08 18:27:31,219 INFO o.a.j.t.JMeterThread: Thread started: 秒杀并发线程组 1-68
2026-05-08 18:27:31,225 INFO o.a.j.m.J.生成JWT令牌: Generated JWT for userId=68
2026-05-08 18:27:31,234 INFO o.a.j.t.JMeterThread: Thread is done: 秒杀并发线程组 1-68
2026-05-08 18:27:31,234 INFO o.a.j.t.JMeterThread: Thread finished: 秒杀并发线程组 1-68
2026-05-08 18:27:31,269 INFO o.a.j.t.JMeterThread: Thread started: 秒杀并发线程组 1-69
2026-05-08 18:27:31,274 INFO o.a.j.m.J.生成JWT令牌: Generated JWT for userId=69
2026-05-08 18:27:31,285 INFO o.a.j.t.JMeterThread: Thread is done: 秒杀并发线程组 1-69
2026-05-08 18:27:31,285 INFO o.a.j.t.JMeterThread: Thread finished: 秒杀并发线程组 1-69
2026-05-08 18:27:31,318 INFO o.a.j.t.JMeterThread: Thread started: 秒杀并发线程组 1-70
2026-05-08 18:27:31,324 INFO o.a.j.m.J.生成JWT令牌: Generated JWT for userId=70
2026-05-08 18:27:31,333 INFO o.a.j.t.JMeterThread: Thread is done: 秒杀并发线程组 1-70
2026-05-08 18:27:31,333 INFO o.a.j.t.JMeterThread: Thread finished: 秒杀并发线程组 1-70
2026-05-08 18:27:31,368 INFO o.a.j.t.JMeterThread: Thread started: 秒杀并发线程组 1-71
2026-05-08 18:27:31,375 INFO o.a.j.m.J.生成JWT令牌: Generated JWT for userId=71
2026-05-08 18:27:31,386 INFO o.a.j.t.JMeterThread: Thread is done: 秒杀并发线程组 1-71
2026-05-08 18:27:31,386 INFO o.a.j.t.JMeterThread: Thread finished: 秒杀并发线程组 1-71
2026-05-08 18:27:31,418 INFO o.a.j.t.JMeterThread: Thread started: 秒杀并发线程组 1-72
2026-05-08 18:27:31,424 INFO o.a.j.m.J.生成JWT令牌: Generated JWT for userId=72
2026-05-08 18:27:31,435 INFO o.a.j.t.JMeterThread: Thread is done: 秒杀并发线程组 1-72
2026-05-08 18:27:31,435 INFO o.a.j.t.JMeterThread: Thread finished: 秒杀并发线程组 1-72
2026-05-08 18:27:31,468 INFO o.a.j.t.JMeterThread: Thread started: 秒杀并发线程组 1-73
2026-05-08 18:27:31,476 INFO o.a.j.m.J.生成JWT令牌: Generated JWT for userId=73
2026-05-08 18:27:31,485 INFO o.a.j.t.JMeterThread: Thread is done: 秒杀并发线程组 1-73
2026-05-08 18:27:31,485 INFO o.a.j.t.JMeterThread: Thread finished: 秒杀并发线程组 1-73
2026-05-08 18:27:31,518 INFO o.a.j.t.JMeterThread: Thread started: 秒杀并发线程组 1-74
2026-05-08 18:27:31,524 INFO o.a.j.m.J.生成JWT令牌: Generated JWT for userId=74
2026-05-08 18:27:31,536 INFO o.a.j.t.JMeterThread: Thread is done: 秒杀并发线程组 1-74
2026-05-08 18:27:31,536 INFO o.a.j.t.JMeterThread: Thread finished: 秒杀并发线程组 1-74
2026-05-08 18:27:31,567 INFO o.a.j.t.JMeterThread: Thread started: 秒杀并发线程组 1-75
2026-05-08 18:27:31,574 INFO o.a.j.m.J.生成JWT令牌: Generated JWT for userId=75
2026-05-08 18:27:31,583 INFO o.a.j.t.JMeterThread: Thread is done: 秒杀并发线程组 1-75
2026-05-08 18:27:31,583 INFO o.a.j.t.JMeterThread: Thread finished: 秒杀并发线程组 1-75
2026-05-08 18:27:31,617 INFO o.a.j.t.JMeterThread: Thread started: 秒杀并发线程组 1-76
2026-05-08 18:27:31,624 INFO o.a.j.m.J.生成JWT令牌: Generated JWT for userId=76
2026-05-08 18:27:31,635 INFO o.a.j.t.JMeterThread: Thread is done: 秒杀并发线程组 1-76
2026-05-08 18:27:31,635 INFO o.a.j.t.JMeterThread: Thread finished: 秒杀并发线程组 1-76
2026-05-08 18:27:31,667 INFO o.a.j.t.JMeterThread: Thread started: 秒杀并发线程组 1-77
2026-05-08 18:27:31,672 INFO o.a.j.m.J.生成JWT令牌: Generated JWT for userId=77
2026-05-08 18:27:31,684 INFO o.a.j.t.JMeterThread: Thread is done: 秒杀并发线程组 1-77
2026-05-08 18:27:31,684 INFO o.a.j.t.JMeterThread: Thread finished: 秒杀并发线程组 1-77
2026-05-08 18:27:31,719 INFO o.a.j.t.JMeterThread: Thread started: 秒杀并发线程组 1-78
2026-05-08 18:27:31,724 INFO o.a.j.m.J.生成JWT令牌: Generated JWT for userId=78
2026-05-08 18:27:31,733 INFO o.a.j.t.JMeterThread: Thread is done: 秒杀并发线程组 1-78
2026-05-08 18:27:31,733 INFO o.a.j.t.JMeterThread: Thread finished: 秒杀并发线程组 1-78
2026-05-08 18:27:31,768 INFO o.a.j.t.JMeterThread: Thread started: 秒杀并发线程组 1-79
2026-05-08 18:27:31,773 INFO o.a.j.m.J.生成JWT令牌: Generated JWT for userId=79
2026-05-08 18:27:31,781 INFO o.a.j.t.JMeterThread: Thread is done: 秒杀并发线程组 1-79
2026-05-08 18:27:31,781 INFO o.a.j.t.JMeterThread: Thread finished: 秒杀并发线程组 1-79
2026-05-08 18:27:31,817 INFO o.a.j.t.JMeterThread: Thread started: 秒杀并发线程组 1-80
2026-05-08 18:27:31,823 INFO o.a.j.m.J.生成JWT令牌: Generated JWT for userId=80
2026-05-08 18:27:31,830 INFO o.a.j.t.JMeterThread: Thread is done: 秒杀并发线程组 1-80
2026-05-08 18:27:31,831 INFO o.a.j.t.JMeterThread: Thread finished: 秒杀并发线程组 1-80
2026-05-08 18:27:31,867 INFO o.a.j.t.JMeterThread: Thread started: 秒杀并发线程组 1-81
2026-05-08 18:27:31,873 INFO o.a.j.m.J.生成JWT令牌: Generated JWT for userId=81
2026-05-08 18:27:31,883 INFO o.a.j.t.JMeterThread: Thread is done: 秒杀并发线程组 1-81
2026-05-08 18:27:31,883 INFO o.a.j.t.JMeterThread: Thread finished: 秒杀并发线程组 1-81
2026-05-08 18:27:31,890 INFO o.a.j.g.a.Start: Stopping test
2026-05-08 18:27:31,903 INFO o.a.j.t.JMeterThread: Stopping: 秒杀并发线程组 1-96
2026-05-08 18:27:31,903 INFO o.a.j.t.JMeterThread: Stopping: 秒杀并发线程组 1-85
2026-05-08 18:27:31,903 INFO o.a.j.t.JMeterThread: Stopping: 秒杀并发线程组 1-89
2026-05-08 18:27:31,903 INFO o.a.j.t.JMeterThread: Stopping: 秒杀并发线程组 1-99
2026-05-08 18:27:31,903 INFO o.a.j.t.JMeterThread: Stopping: 秒杀并发线程组 1-82
2026-05-08 18:27:31,903 INFO o.a.j.t.JMeterThread: Thread started: 秒杀并发线程组 1-82
2026-05-08 18:27:31,903 INFO o.a.j.t.JMeterThread: Thread started: 秒杀并发线程组 1-96
2026-05-08 18:27:31,903 INFO o.a.j.t.JMeterThread: Stopping: 秒杀并发线程组 1-95
2026-05-08 18:27:31,903 INFO o.a.j.t.JMeterThread: Thread started: 秒杀并发线程组 1-89
2026-05-08 18:27:31,903 INFO o.a.j.t.JMeterThread: Thread started: 秒杀并发线程组 1-85
2026-05-08 18:27:31,903 INFO o.a.j.t.JMeterThread: Thread finished: 秒杀并发线程组 1-82
2026-05-08 18:27:31,903 INFO o.a.j.t.JMeterThread: Thread finished: 秒杀并发线程组 1-96
2026-05-08 18:27:31,903 INFO o.a.j.t.JMeterThread: Stopping: 秒杀并发线程组 1-84
2026-05-08 18:27:31,903 INFO o.a.j.t.JMeterThread: Stopping: 秒杀并发线程组 1-94
2026-05-08 18:27:31,903 INFO o.a.j.t.JMeterThread: Stopping: 秒杀并发线程组 1-92
2026-05-08 18:27:31,903 INFO o.a.j.t.JMeterThread: Stopping: 秒杀并发线程组 1-91
2026-05-08 18:27:31,903 INFO o.a.j.t.JMeterThread: Thread started: 秒杀并发线程组 1-99
2026-05-08 18:27:31,903 INFO o.a.j.t.JMeterThread: Thread started: 秒杀并发线程组 1-95
2026-05-08 18:27:31,903 INFO o.a.j.t.JMeterThread: Thread finished: 秒杀并发线程组 1-89
2026-05-08 18:27:31,903 INFO o.a.j.t.JMeterThread: Thread started: 秒杀并发线程组 1-91
2026-05-08 18:27:31,903 INFO o.a.j.t.JMeterThread: Stopping: 秒杀并发线程组 1-100
2026-05-08 18:27:31,903 INFO o.a.j.t.JMeterThread: Thread finished: 秒杀并发线程组 1-95
2026-05-08 18:27:31,903 INFO o.a.j.t.JMeterThread: Thread finished: 秒杀并发线程组 1-85
2026-05-08 18:27:31,903 INFO o.a.j.t.JMeterThread: Thread finished: 秒杀并发线程组 1-99
2026-05-08 18:27:31,903 INFO o.a.j.t.JMeterThread: Thread started: 秒杀并发线程组 1-92
2026-05-08 18:27:31,903 INFO o.a.j.t.JMeterThread: Thread started: 秒杀并发线程组 1-94
2026-05-08 18:27:31,903 INFO o.a.j.t.JMeterThread: Thread finished: 秒杀并发线程组 1-91
2026-05-08 18:27:31,903 INFO o.a.j.t.JMeterThread: Thread started: 秒杀并发线程组 1-100
2026-05-08 18:27:31,903 INFO o.a.j.t.JMeterThread: Thread finished: 秒杀并发线程组 1-92
2026-05-08 18:27:31,903 INFO o.a.j.t.JMeterThread: Thread finished: 秒杀并发线程组 1-100
2026-05-08 18:27:31,903 INFO o.a.j.t.JMeterThread: Stopping: 秒杀并发线程组 1-90
2026-05-08 18:27:31,903 INFO o.a.j.t.JMeterThread: Thread started: 秒杀并发线程组 1-84
2026-05-08 18:27:31,903 INFO o.a.j.t.JMeterThread: Stopping: 秒杀并发线程组 1-87
2026-05-08 18:27:31,903 INFO o.a.j.t.JMeterThread: Stopping: 秒杀并发线程组 1-97
2026-05-08 18:27:31,903 INFO o.a.j.t.JMeterThread: Thread finished: 秒杀并发线程组 1-84
2026-05-08 18:27:31,903 INFO o.a.j.t.JMeterThread: Thread started: 秒杀并发线程组 1-90
2026-05-08 18:27:31,903 INFO o.a.j.t.JMeterThread: Stopping: 秒杀并发线程组 1-93
2026-05-08 18:27:31,903 INFO o.a.j.t.JMeterThread: Thread finished: 秒杀并发线程组 1-94
2026-05-08 18:27:31,903 INFO o.a.j.t.JMeterThread: Thread started: 秒杀并发线程组 1-87
2026-05-08 18:27:31,903 INFO o.a.j.t.JMeterThread: Thread started: 秒杀并发线程组 1-97
2026-05-08 18:27:31,904 INFO o.a.j.t.JMeterThread: Thread finished: 秒杀并发线程组 1-90
2026-05-08 18:27:31,904 INFO o.a.j.t.JMeterThread: Stopping: 秒杀并发线程组 1-83
2026-05-08 18:27:31,904 INFO o.a.j.t.JMeterThread: Thread finished: 秒杀并发线程组 1-97
2026-05-08 18:27:31,904 INFO o.a.j.t.JMeterThread: Thread finished: 秒杀并发线程组 1-87
2026-05-08 18:27:31,904 INFO o.a.j.t.JMeterThread: Stopping: 秒杀并发线程组 1-88
2026-05-08 18:27:31,904 INFO o.a.j.t.JMeterThread: Stopping: 秒杀并发线程组 1-98
2026-05-08 18:27:31,904 INFO o.a.j.t.JMeterThread: Stopping: 秒杀并发线程组 1-86
2026-05-08 18:27:31,904 INFO o.a.j.t.JMeterThread: Thread started: 秒杀并发线程组 1-93
2026-05-08 18:27:31,904 INFO o.a.j.t.JMeterThread: Thread started: 秒杀并发线程组 1-83
2026-05-08 18:27:31,904 INFO o.a.j.t.JMeterThread: Thread started: 秒杀并发线程组 1-88
2026-05-08 18:27:31,904 INFO o.a.j.t.JMeterThread: Thread started: 秒杀并发线程组 1-98
2026-05-08 18:27:31,904 INFO o.a.j.t.JMeterThread: Thread finished: 秒杀并发线程组 1-83
2026-05-08 18:27:31,904 INFO o.a.j.t.JMeterThread: Thread finished: 秒杀并发线程组 1-88
2026-05-08 18:27:31,904 INFO o.a.j.t.JMeterThread: Thread started: 秒杀并发线程组 1-86
2026-05-08 18:27:31,904 INFO o.a.j.t.JMeterThread: Thread finished: 秒杀并发线程组 1-93
2026-05-08 18:27:31,904 INFO o.a.j.t.JMeterThread: Thread finished: 秒杀并发线程组 1-98
2026-05-08 18:27:31,904 INFO o.a.j.t.JMeterThread: Thread finished: 秒杀并发线程组 1-86
2026-05-08 18:27:31,904 INFO o.a.j.e.StandardJMeterEngine: Notifying test listeners of end of test
2026-05-08 18:27:31,904 INFO o.a.j.s.FileServer: Close: src/test/jmeter/test_users.csv
2026-05-08 18:27:31,904 INFO o.a.j.g.u.JMeterMenuBar: setRunning(false, *local*)
2026-05-08 18:30:28,616 INFO o.a.j.e.StandardJMeterEngine: Running the test!
2026-05-08 18:30:28,616 INFO o.a.j.s.SampleEvent: List of sample_variables: []
2026-05-08 18:30:28,617 INFO o.a.j.g.u.JMeterMenuBar: setRunning(true, *local*)
2026-05-08 18:30:28,645 INFO o.a.j.e.StandardJMeterEngine: Starting ThreadGroup: 1 : 秒杀并发线程组
2026-05-08 18:30:28,645 INFO o.a.j.e.StandardJMeterEngine: Starting 100 threads for group 秒杀并发线程组.
2026-05-08 18:30:28,645 INFO o.a.j.e.StandardJMeterEngine: Thread will continue on error
2026-05-08 18:30:28,645 INFO o.a.j.t.ThreadGroup: Starting thread group... number=1 threads=100 ramp-up=5 delayedStart=false
2026-05-08 18:30:28,646 INFO o.a.j.t.JMeterThread: Thread started: 秒杀并发线程组 1-1
2026-05-08 18:30:28,646 INFO o.a.j.s.FileServer: Stored: src/test/jmeter/test_users.csv
2026-05-08 18:30:28,653 INFO o.a.j.t.ThreadGroup: Started thread group number 1
2026-05-08 18:30:28,653 INFO o.a.j.e.StandardJMeterEngine: All thread groups have been started
2026-05-08 18:30:28,653 INFO o.a.j.m.J.生成JWT令牌: Generated JWT for userId=1
2026-05-08 18:30:28,696 INFO o.a.j.t.JMeterThread: Thread started: 秒杀并发线程组 1-2
2026-05-08 18:30:28,702 INFO o.a.j.m.J.生成JWT令牌: Generated JWT for userId=2
2026-05-08 18:30:28,746 INFO o.a.j.t.JMeterThread: Thread started: 秒杀并发线程组 1-3
2026-05-08 18:30:28,751 INFO o.a.j.m.J.生成JWT令牌: Generated JWT for userId=3
2026-05-08 18:30:28,797 INFO o.a.j.t.JMeterThread: Thread started: 秒杀并发线程组 1-4
2026-05-08 18:30:28,802 INFO o.a.j.m.J.生成JWT令牌: Generated JWT for userId=4
2026-05-08 18:30:28,846 INFO o.a.j.t.JMeterThread: Thread started: 秒杀并发线程组 1-5
2026-05-08 18:30:28,851 INFO o.a.j.m.J.生成JWT令牌: Generated JWT for userId=5
2026-05-08 18:30:28,897 INFO o.a.j.t.JMeterThread: Thread started: 秒杀并发线程组 1-6
2026-05-08 18:30:28,904 INFO o.a.j.m.J.生成JWT令牌: Generated JWT for userId=6
2026-05-08 18:30:28,921 INFO o.a.j.t.JMeterThread: Thread is done: 秒杀并发线程组 1-3
2026-05-08 18:30:28,921 INFO o.a.j.t.JMeterThread: Thread is done: 秒杀并发线程组 1-2
2026-05-08 18:30:28,921 INFO o.a.j.t.JMeterThread: Thread is done: 秒杀并发线程组 1-1
2026-05-08 18:30:28,922 INFO o.a.j.t.JMeterThread: Thread finished: 秒杀并发线程组 1-3
2026-05-08 18:30:28,921 INFO o.a.j.t.JMeterThread: Thread is done: 秒杀并发线程组 1-5
2026-05-08 18:30:28,921 INFO o.a.j.t.JMeterThread: Thread is done: 秒杀并发线程组 1-4
2026-05-08 18:30:28,922 INFO o.a.j.t.JMeterThread: Thread finished: 秒杀并发线程组 1-5
2026-05-08 18:30:28,922 INFO o.a.j.t.JMeterThread: Thread finished: 秒杀并发线程组 1-1
2026-05-08 18:30:28,922 INFO o.a.j.t.JMeterThread: Thread is done: 秒杀并发线程组 1-6
2026-05-08 18:30:28,922 INFO o.a.j.t.JMeterThread: Thread finished: 秒杀并发线程组 1-4
2026-05-08 18:30:28,922 INFO o.a.j.t.JMeterThread: Thread finished: 秒杀并发线程组 1-6
2026-05-08 18:30:28,922 INFO o.a.j.t.JMeterThread: Thread finished: 秒杀并发线程组 1-2
2026-05-08 18:30:28,946 INFO o.a.j.t.JMeterThread: Thread started: 秒杀并发线程组 1-7
2026-05-08 18:30:28,953 INFO o.a.j.m.J.生成JWT令牌: Generated JWT for userId=7
2026-05-08 18:30:28,971 INFO o.a.j.t.JMeterThread: Thread is done: 秒杀并发线程组 1-7
2026-05-08 18:30:28,971 INFO o.a.j.t.JMeterThread: Thread finished: 秒杀并发线程组 1-7
2026-05-08 18:30:28,996 INFO o.a.j.t.JMeterThread: Thread started: 秒杀并发线程组 1-8
2026-05-08 18:30:29,001 INFO o.a.j.m.J.生成JWT令牌: Generated JWT for userId=8
2026-05-08 18:30:29,015 INFO o.a.j.t.JMeterThread: Thread is done: 秒杀并发线程组 1-8
2026-05-08 18:30:29,015 INFO o.a.j.t.JMeterThread: Thread finished: 秒杀并发线程组 1-8
2026-05-08 18:30:29,046 INFO o.a.j.t.JMeterThread: Thread started: 秒杀并发线程组 1-9
2026-05-08 18:30:29,052 INFO o.a.j.m.J.生成JWT令牌: Generated JWT for userId=9
2026-05-08 18:30:29,063 INFO o.a.j.t.JMeterThread: Thread is done: 秒杀并发线程组 1-9
2026-05-08 18:30:29,063 INFO o.a.j.t.JMeterThread: Thread finished: 秒杀并发线程组 1-9
2026-05-08 18:30:29,097 INFO o.a.j.t.JMeterThread: Thread started: 秒杀并发线程组 1-10
2026-05-08 18:30:29,103 INFO o.a.j.m.J.生成JWT令牌: Generated JWT for userId=10
2026-05-08 18:30:29,114 INFO o.a.j.t.JMeterThread: Thread is done: 秒杀并发线程组 1-10
2026-05-08 18:30:29,114 INFO o.a.j.t.JMeterThread: Thread finished: 秒杀并发线程组 1-10
2026-05-08 18:30:29,147 INFO o.a.j.t.JMeterThread: Thread started: 秒杀并发线程组 1-11
2026-05-08 18:30:29,165 INFO o.a.j.m.J.生成JWT令牌: Generated JWT for userId=11
2026-05-08 18:30:29,180 INFO o.a.j.t.JMeterThread: Thread is done: 秒杀并发线程组 1-11
2026-05-08 18:30:29,180 INFO o.a.j.t.JMeterThread: Thread finished: 秒杀并发线程组 1-11
2026-05-08 18:30:29,197 INFO o.a.j.t.JMeterThread: Thread started: 秒杀并发线程组 1-12
2026-05-08 18:30:29,203 INFO o.a.j.m.J.生成JWT令牌: Generated JWT for userId=12
2026-05-08 18:30:29,218 INFO o.a.j.t.JMeterThread: Thread is done: 秒杀并发线程组 1-12
2026-05-08 18:30:29,218 INFO o.a.j.t.JMeterThread: Thread finished: 秒杀并发线程组 1-12
2026-05-08 18:30:29,247 INFO o.a.j.t.JMeterThread: Thread started: 秒杀并发线程组 1-13
2026-05-08 18:30:29,253 INFO o.a.j.m.J.生成JWT令牌: Generated JWT for userId=13
2026-05-08 18:30:29,269 INFO o.a.j.t.JMeterThread: Thread is done: 秒杀并发线程组 1-13
2026-05-08 18:30:29,269 INFO o.a.j.t.JMeterThread: Thread finished: 秒杀并发线程组 1-13
2026-05-08 18:30:29,297 INFO o.a.j.t.JMeterThread: Thread started: 秒杀并发线程组 1-14
2026-05-08 18:30:29,302 INFO o.a.j.m.J.生成JWT令牌: Generated JWT for userId=14
2026-05-08 18:30:29,317 INFO o.a.j.t.JMeterThread: Thread is done: 秒杀并发线程组 1-14
2026-05-08 18:30:29,317 INFO o.a.j.t.JMeterThread: Thread finished: 秒杀并发线程组 1-14
2026-05-08 18:30:29,347 INFO o.a.j.t.JMeterThread: Thread started: 秒杀并发线程组 1-15
2026-05-08 18:30:29,352 INFO o.a.j.m.J.生成JWT令牌: Generated JWT for userId=15
2026-05-08 18:30:29,358 INFO o.a.j.t.JMeterThread: Thread is done: 秒杀并发线程组 1-15
2026-05-08 18:30:29,358 INFO o.a.j.t.JMeterThread: Thread finished: 秒杀并发线程组 1-15
2026-05-08 18:30:29,397 INFO o.a.j.t.JMeterThread: Thread started: 秒杀并发线程组 1-16
2026-05-08 18:30:29,403 INFO o.a.j.m.J.生成JWT令牌: Generated JWT for userId=16
2026-05-08 18:30:29,409 INFO o.a.j.t.JMeterThread: Thread is done: 秒杀并发线程组 1-16
2026-05-08 18:30:29,409 INFO o.a.j.t.JMeterThread: Thread finished: 秒杀并发线程组 1-16
2026-05-08 18:30:29,447 INFO o.a.j.t.JMeterThread: Thread started: 秒杀并发线程组 1-17
2026-05-08 18:30:29,452 INFO o.a.j.m.J.生成JWT令牌: Generated JWT for userId=17
2026-05-08 18:30:29,457 INFO o.a.j.t.JMeterThread: Thread is done: 秒杀并发线程组 1-17
2026-05-08 18:30:29,457 INFO o.a.j.t.JMeterThread: Thread finished: 秒杀并发线程组 1-17
2026-05-08 18:30:29,496 INFO o.a.j.t.JMeterThread: Thread started: 秒杀并发线程组 1-18
2026-05-08 18:30:29,502 INFO o.a.j.m.J.生成JWT令牌: Generated JWT for userId=18
2026-05-08 18:30:29,506 INFO o.a.j.t.JMeterThread: Thread is done: 秒杀并发线程组 1-18
2026-05-08 18:30:29,506 INFO o.a.j.t.JMeterThread: Thread finished: 秒杀并发线程组 1-18
2026-05-08 18:30:29,547 INFO o.a.j.t.JMeterThread: Thread started: 秒杀并发线程组 1-19
2026-05-08 18:30:29,553 INFO o.a.j.m.J.生成JWT令牌: Generated JWT for userId=19
2026-05-08 18:30:29,558 INFO o.a.j.t.JMeterThread: Thread is done: 秒杀并发线程组 1-19
2026-05-08 18:30:29,559 INFO o.a.j.t.JMeterThread: Thread finished: 秒杀并发线程组 1-19
2026-05-08 18:30:29,598 INFO o.a.j.t.JMeterThread: Thread started: 秒杀并发线程组 1-20
2026-05-08 18:30:29,603 INFO o.a.j.m.J.生成JWT令牌: Generated JWT for userId=20
2026-05-08 18:30:29,607 INFO o.a.j.t.JMeterThread: Thread is done: 秒杀并发线程组 1-20
2026-05-08 18:30:29,607 INFO o.a.j.t.JMeterThread: Thread finished: 秒杀并发线程组 1-20
2026-05-08 18:30:29,646 INFO o.a.j.t.JMeterThread: Thread started: 秒杀并发线程组 1-21
2026-05-08 18:30:29,650 INFO o.a.j.m.J.生成JWT令牌: Generated JWT for userId=21
2026-05-08 18:30:29,655 INFO o.a.j.t.JMeterThread: Thread is done: 秒杀并发线程组 1-21
2026-05-08 18:30:29,655 INFO o.a.j.t.JMeterThread: Thread finished: 秒杀并发线程组 1-21
2026-05-08 18:30:29,695 INFO o.a.j.t.JMeterThread: Thread started: 秒杀并发线程组 1-22
2026-05-08 18:30:29,701 INFO o.a.j.m.J.生成JWT令牌: Generated JWT for userId=22
2026-05-08 18:30:29,705 INFO o.a.j.t.JMeterThread: Thread is done: 秒杀并发线程组 1-22
2026-05-08 18:30:29,705 INFO o.a.j.t.JMeterThread: Thread finished: 秒杀并发线程组 1-22
2026-05-08 18:30:29,746 INFO o.a.j.t.JMeterThread: Thread started: 秒杀并发线程组 1-23
2026-05-08 18:30:29,755 INFO o.a.j.m.J.生成JWT令牌: Generated JWT for userId=23
2026-05-08 18:30:29,760 INFO o.a.j.t.JMeterThread: Thread is done: 秒杀并发线程组 1-23
2026-05-08 18:30:29,760 INFO o.a.j.t.JMeterThread: Thread finished: 秒杀并发线程组 1-23
2026-05-08 18:30:29,796 INFO o.a.j.t.JMeterThread: Thread started: 秒杀并发线程组 1-24
2026-05-08 18:30:29,802 INFO o.a.j.m.J.生成JWT令牌: Generated JWT for userId=24
2026-05-08 18:30:29,806 INFO o.a.j.t.JMeterThread: Thread is done: 秒杀并发线程组 1-24
2026-05-08 18:30:29,807 INFO o.a.j.t.JMeterThread: Thread finished: 秒杀并发线程组 1-24
2026-05-08 18:30:29,846 INFO o.a.j.t.JMeterThread: Thread started: 秒杀并发线程组 1-25
2026-05-08 18:30:29,851 INFO o.a.j.m.J.生成JWT令牌: Generated JWT for userId=25
2026-05-08 18:30:29,856 INFO o.a.j.t.JMeterThread: Thread is done: 秒杀并发线程组 1-25
2026-05-08 18:30:29,856 INFO o.a.j.t.JMeterThread: Thread finished: 秒杀并发线程组 1-25
2026-05-08 18:30:29,896 INFO o.a.j.t.JMeterThread: Thread started: 秒杀并发线程组 1-26
2026-05-08 18:30:29,901 INFO o.a.j.m.J.生成JWT令牌: Generated JWT for userId=26
2026-05-08 18:30:29,906 INFO o.a.j.t.JMeterThread: Thread is done: 秒杀并发线程组 1-26
2026-05-08 18:30:29,906 INFO o.a.j.t.JMeterThread: Thread finished: 秒杀并发线程组 1-26
2026-05-08 18:30:29,945 INFO o.a.j.t.JMeterThread: Thread started: 秒杀并发线程组 1-27
2026-05-08 18:30:29,950 INFO o.a.j.m.J.生成JWT令牌: Generated JWT for userId=27
2026-05-08 18:30:29,955 INFO o.a.j.t.JMeterThread: Thread is done: 秒杀并发线程组 1-27
2026-05-08 18:30:29,955 INFO o.a.j.t.JMeterThread: Thread finished: 秒杀并发线程组 1-27
2026-05-08 18:30:29,995 INFO o.a.j.t.JMeterThread: Thread started: 秒杀并发线程组 1-28
2026-05-08 18:30:30,001 INFO o.a.j.m.J.生成JWT令牌: Generated JWT for userId=28
2026-05-08 18:30:30,005 INFO o.a.j.t.JMeterThread: Thread is done: 秒杀并发线程组 1-28
2026-05-08 18:30:30,005 INFO o.a.j.t.JMeterThread: Thread finished: 秒杀并发线程组 1-28
2026-05-08 18:30:30,046 INFO o.a.j.t.JMeterThread: Thread started: 秒杀并发线程组 1-29
2026-05-08 18:30:30,051 INFO o.a.j.m.J.生成JWT令牌: Generated JWT for userId=29
2026-05-08 18:30:30,057 INFO o.a.j.t.JMeterThread: Thread is done: 秒杀并发线程组 1-29
2026-05-08 18:30:30,057 INFO o.a.j.t.JMeterThread: Thread finished: 秒杀并发线程组 1-29
2026-05-08 18:30:30,095 INFO o.a.j.t.JMeterThread: Thread started: 秒杀并发线程组 1-30
2026-05-08 18:30:30,101 INFO o.a.j.m.J.生成JWT令牌: Generated JWT for userId=30
2026-05-08 18:30:30,106 INFO o.a.j.t.JMeterThread: Thread is done: 秒杀并发线程组 1-30
2026-05-08 18:30:30,106 INFO o.a.j.t.JMeterThread: Thread finished: 秒杀并发线程组 1-30
2026-05-08 18:30:30,148 INFO o.a.j.t.JMeterThread: Thread started: 秒杀并发线程组 1-31
2026-05-08 18:30:30,155 INFO o.a.j.m.J.生成JWT令牌: Generated JWT for userId=31
2026-05-08 18:30:30,160 INFO o.a.j.t.JMeterThread: Thread is done: 秒杀并发线程组 1-31
2026-05-08 18:30:30,160 INFO o.a.j.t.JMeterThread: Thread finished: 秒杀并发线程组 1-31
2026-05-08 18:30:30,197 INFO o.a.j.t.JMeterThread: Thread started: 秒杀并发线程组 1-32
2026-05-08 18:30:30,203 INFO o.a.j.m.J.生成JWT令牌: Generated JWT for userId=32
2026-05-08 18:30:30,208 INFO o.a.j.t.JMeterThread: Thread is done: 秒杀并发线程组 1-32
2026-05-08 18:30:30,208 INFO o.a.j.t.JMeterThread: Thread finished: 秒杀并发线程组 1-32
2026-05-08 18:30:30,248 INFO o.a.j.t.JMeterThread: Thread started: 秒杀并发线程组 1-33
2026-05-08 18:30:30,254 INFO o.a.j.m.J.生成JWT令牌: Generated JWT for userId=33
2026-05-08 18:30:30,258 INFO o.a.j.t.JMeterThread: Thread is done: 秒杀并发线程组 1-33
2026-05-08 18:30:30,258 INFO o.a.j.t.JMeterThread: Thread finished: 秒杀并发线程组 1-33
2026-05-08 18:30:30,297 INFO o.a.j.t.JMeterThread: Thread started: 秒杀并发线程组 1-34
2026-05-08 18:30:30,304 INFO o.a.j.m.J.生成JWT令牌: Generated JWT for userId=34
2026-05-08 18:30:30,308 INFO o.a.j.t.JMeterThread: Thread is done: 秒杀并发线程组 1-34
2026-05-08 18:30:30,308 INFO o.a.j.t.JMeterThread: Thread finished: 秒杀并发线程组 1-34
2026-05-08 18:30:30,346 INFO o.a.j.t.JMeterThread: Thread started: 秒杀并发线程组 1-35
2026-05-08 18:30:30,352 INFO o.a.j.m.J.生成JWT令牌: Generated JWT for userId=35
2026-05-08 18:30:30,356 INFO o.a.j.t.JMeterThread: Thread is done: 秒杀并发线程组 1-35
2026-05-08 18:30:30,356 INFO o.a.j.t.JMeterThread: Thread finished: 秒杀并发线程组 1-35
2026-05-08 18:30:30,396 INFO o.a.j.t.JMeterThread: Thread started: 秒杀并发线程组 1-36
2026-05-08 18:30:30,402 INFO o.a.j.m.J.生成JWT令牌: Generated JWT for userId=36
2026-05-08 18:30:30,408 INFO o.a.j.t.JMeterThread: Thread is done: 秒杀并发线程组 1-36
2026-05-08 18:30:30,408 INFO o.a.j.t.JMeterThread: Thread finished: 秒杀并发线程组 1-36
2026-05-08 18:30:30,445 INFO o.a.j.t.JMeterThread: Thread started: 秒杀并发线程组 1-37
2026-05-08 18:30:30,451 INFO o.a.j.m.J.生成JWT令牌: Generated JWT for userId=37
2026-05-08 18:30:30,454 INFO o.a.j.t.JMeterThread: Thread is done: 秒杀并发线程组 1-37
2026-05-08 18:30:30,454 INFO o.a.j.t.JMeterThread: Thread finished: 秒杀并发线程组 1-37
2026-05-08 18:30:30,496 INFO o.a.j.t.JMeterThread: Thread started: 秒杀并发线程组 1-38
2026-05-08 18:30:30,501 INFO o.a.j.m.J.生成JWT令牌: Generated JWT for userId=38
2026-05-08 18:30:30,505 INFO o.a.j.t.JMeterThread: Thread is done: 秒杀并发线程组 1-38
2026-05-08 18:30:30,505 INFO o.a.j.t.JMeterThread: Thread finished: 秒杀并发线程组 1-38
2026-05-08 18:30:30,546 INFO o.a.j.t.JMeterThread: Thread started: 秒杀并发线程组 1-39
2026-05-08 18:30:30,550 INFO o.a.j.m.J.生成JWT令牌: Generated JWT for userId=39
2026-05-08 18:30:30,555 INFO o.a.j.t.JMeterThread: Thread is done: 秒杀并发线程组 1-39
2026-05-08 18:30:30,555 INFO o.a.j.t.JMeterThread: Thread finished: 秒杀并发线程组 1-39
2026-05-08 18:30:30,596 INFO o.a.j.t.JMeterThread: Thread started: 秒杀并发线程组 1-40
2026-05-08 18:30:30,600 INFO o.a.j.m.J.生成JWT令牌: Generated JWT for userId=40
2026-05-08 18:30:30,605 INFO o.a.j.t.JMeterThread: Thread is done: 秒杀并发线程组 1-40
2026-05-08 18:30:30,605 INFO o.a.j.t.JMeterThread: Thread finished: 秒杀并发线程组 1-40
2026-05-08 18:30:30,646 INFO o.a.j.t.JMeterThread: Thread started: 秒杀并发线程组 1-41
2026-05-08 18:30:30,651 INFO o.a.j.m.J.生成JWT令牌: Generated JWT for userId=41
2026-05-08 18:30:30,656 INFO o.a.j.t.JMeterThread: Thread is done: 秒杀并发线程组 1-41
2026-05-08 18:30:30,656 INFO o.a.j.t.JMeterThread: Thread finished: 秒杀并发线程组 1-41
2026-05-08 18:30:30,696 INFO o.a.j.t.JMeterThread: Thread started: 秒杀并发线程组 1-42
2026-05-08 18:30:30,702 INFO o.a.j.m.J.生成JWT令牌: Generated JWT for userId=42
2026-05-08 18:30:30,705 INFO o.a.j.t.JMeterThread: Thread is done: 秒杀并发线程组 1-42
2026-05-08 18:30:30,705 INFO o.a.j.t.JMeterThread: Thread finished: 秒杀并发线程组 1-42
2026-05-08 18:30:30,746 INFO o.a.j.t.JMeterThread: Thread started: 秒杀并发线程组 1-43
2026-05-08 18:30:30,753 INFO o.a.j.m.J.生成JWT令牌: Generated JWT for userId=43
2026-05-08 18:30:30,759 INFO o.a.j.t.JMeterThread: Thread is done: 秒杀并发线程组 1-43
2026-05-08 18:30:30,759 INFO o.a.j.t.JMeterThread: Thread finished: 秒杀并发线程组 1-43
2026-05-08 18:30:30,796 INFO o.a.j.t.JMeterThread: Thread started: 秒杀并发线程组 1-44
2026-05-08 18:30:30,802 INFO o.a.j.m.J.生成JWT令牌: Generated JWT for userId=44
2026-05-08 18:30:30,807 INFO o.a.j.t.JMeterThread: Thread is done: 秒杀并发线程组 1-44
2026-05-08 18:30:30,807 INFO o.a.j.t.JMeterThread: Thread finished: 秒杀并发线程组 1-44
2026-05-08 18:30:30,846 INFO o.a.j.t.JMeterThread: Thread started: 秒杀并发线程组 1-45
2026-05-08 18:30:30,851 INFO o.a.j.m.J.生成JWT令牌: Generated JWT for userId=45
2026-05-08 18:30:30,856 INFO o.a.j.t.JMeterThread: Thread is done: 秒杀并发线程组 1-45
2026-05-08 18:30:30,856 INFO o.a.j.t.JMeterThread: Thread finished: 秒杀并发线程组 1-45
2026-05-08 18:30:30,896 INFO o.a.j.t.JMeterThread: Thread started: 秒杀并发线程组 1-46
2026-05-08 18:30:30,901 INFO o.a.j.m.J.生成JWT令牌: Generated JWT for userId=46
2026-05-08 18:30:30,906 INFO o.a.j.t.JMeterThread: Thread is done: 秒杀并发线程组 1-46
2026-05-08 18:30:30,906 INFO o.a.j.t.JMeterThread: Thread finished: 秒杀并发线程组 1-46
2026-05-08 18:30:30,947 INFO o.a.j.t.JMeterThread: Thread started: 秒杀并发线程组 1-47
2026-05-08 18:30:30,952 INFO o.a.j.m.J.生成JWT令牌: Generated JWT for userId=47
2026-05-08 18:30:30,956 INFO o.a.j.t.JMeterThread: Thread is done: 秒杀并发线程组 1-47
2026-05-08 18:30:30,956 INFO o.a.j.t.JMeterThread: Thread finished: 秒杀并发线程组 1-47
2026-05-08 18:30:30,996 INFO o.a.j.t.JMeterThread: Thread started: 秒杀并发线程组 1-48
2026-05-08 18:30:31,003 INFO o.a.j.m.J.生成JWT令牌: Generated JWT for userId=48
2026-05-08 18:30:31,008 INFO o.a.j.t.JMeterThread: Thread is done: 秒杀并发线程组 1-48
2026-05-08 18:30:31,008 INFO o.a.j.t.JMeterThread: Thread finished: 秒杀并发线程组 1-48
2026-05-08 18:30:31,047 INFO o.a.j.t.JMeterThread: Thread started: 秒杀并发线程组 1-49
2026-05-08 18:30:31,054 INFO o.a.j.m.J.生成JWT令牌: Generated JWT for userId=49
2026-05-08 18:30:31,060 INFO o.a.j.t.JMeterThread: Thread is done: 秒杀并发线程组 1-49
2026-05-08 18:30:31,060 INFO o.a.j.t.JMeterThread: Thread finished: 秒杀并发线程组 1-49
2026-05-08 18:30:31,097 INFO o.a.j.t.JMeterThread: Thread started: 秒杀并发线程组 1-50
2026-05-08 18:30:31,105 INFO o.a.j.m.J.生成JWT令牌: Generated JWT for userId=50
2026-05-08 18:30:31,110 INFO o.a.j.t.JMeterThread: Thread is done: 秒杀并发线程组 1-50
2026-05-08 18:30:31,110 INFO o.a.j.t.JMeterThread: Thread finished: 秒杀并发线程组 1-50
2026-05-08 18:30:31,146 INFO o.a.j.t.JMeterThread: Thread started: 秒杀并发线程组 1-51
2026-05-08 18:30:31,154 INFO o.a.j.m.J.生成JWT令牌: Generated JWT for userId=51
2026-05-08 18:30:31,158 INFO o.a.j.t.JMeterThread: Thread is done: 秒杀并发线程组 1-51
2026-05-08 18:30:31,158 INFO o.a.j.t.JMeterThread: Thread finished: 秒杀并发线程组 1-51
2026-05-08 18:30:31,196 INFO o.a.j.t.JMeterThread: Thread started: 秒杀并发线程组 1-52
2026-05-08 18:30:31,202 INFO o.a.j.m.J.生成JWT令牌: Generated JWT for userId=52
2026-05-08 18:30:31,206 INFO o.a.j.t.JMeterThread: Thread is done: 秒杀并发线程组 1-52
2026-05-08 18:30:31,206 INFO o.a.j.t.JMeterThread: Thread finished: 秒杀并发线程组 1-52
2026-05-08 18:30:31,246 INFO o.a.j.t.JMeterThread: Thread started: 秒杀并发线程组 1-53
2026-05-08 18:30:31,252 INFO o.a.j.m.J.生成JWT令牌: Generated JWT for userId=53
2026-05-08 18:30:31,256 INFO o.a.j.t.JMeterThread: Thread is done: 秒杀并发线程组 1-53
2026-05-08 18:30:31,256 INFO o.a.j.t.JMeterThread: Thread finished: 秒杀并发线程组 1-53
2026-05-08 18:30:31,295 INFO o.a.j.t.JMeterThread: Thread started: 秒杀并发线程组 1-54
2026-05-08 18:30:31,304 INFO o.a.j.m.J.生成JWT令牌: Generated JWT for userId=54
2026-05-08 18:30:31,308 INFO o.a.j.t.JMeterThread: Thread is done: 秒杀并发线程组 1-54
2026-05-08 18:30:31,308 INFO o.a.j.t.JMeterThread: Thread finished: 秒杀并发线程组 1-54
2026-05-08 18:30:31,346 INFO o.a.j.t.JMeterThread: Thread started: 秒杀并发线程组 1-55
2026-05-08 18:30:31,352 INFO o.a.j.m.J.生成JWT令牌: Generated JWT for userId=55
2026-05-08 18:30:31,356 INFO o.a.j.t.JMeterThread: Thread is done: 秒杀并发线程组 1-55
2026-05-08 18:30:31,356 INFO o.a.j.t.JMeterThread: Thread finished: 秒杀并发线程组 1-55
2026-05-08 18:30:31,396 INFO o.a.j.t.JMeterThread: Thread started: 秒杀并发线程组 1-56
2026-05-08 18:30:31,404 INFO o.a.j.m.J.生成JWT令牌: Generated JWT for userId=56
2026-05-08 18:30:31,408 INFO o.a.j.t.JMeterThread: Thread is done: 秒杀并发线程组 1-56
2026-05-08 18:30:31,408 INFO o.a.j.t.JMeterThread: Thread finished: 秒杀并发线程组 1-56
2026-05-08 18:30:31,446 INFO o.a.j.t.JMeterThread: Thread started: 秒杀并发线程组 1-57
2026-05-08 18:30:31,453 INFO o.a.j.m.J.生成JWT令牌: Generated JWT for userId=57
2026-05-08 18:30:31,457 INFO o.a.j.t.JMeterThread: Thread is done: 秒杀并发线程组 1-57
2026-05-08 18:30:31,457 INFO o.a.j.t.JMeterThread: Thread finished: 秒杀并发线程组 1-57
2026-05-08 18:30:31,496 INFO o.a.j.t.JMeterThread: Thread started: 秒杀并发线程组 1-58
2026-05-08 18:30:31,501 INFO o.a.j.m.J.生成JWT令牌: Generated JWT for userId=58
2026-05-08 18:30:31,504 INFO o.a.j.t.JMeterThread: Thread is done: 秒杀并发线程组 1-58
2026-05-08 18:30:31,504 INFO o.a.j.t.JMeterThread: Thread finished: 秒杀并发线程组 1-58
2026-05-08 18:30:31,547 INFO o.a.j.t.JMeterThread: Thread started: 秒杀并发线程组 1-59
2026-05-08 18:30:31,554 INFO o.a.j.m.J.生成JWT令牌: Generated JWT for userId=59
2026-05-08 18:30:31,558 INFO o.a.j.t.JMeterThread: Thread is done: 秒杀并发线程组 1-59
2026-05-08 18:30:31,558 INFO o.a.j.t.JMeterThread: Thread finished: 秒杀并发线程组 1-59
2026-05-08 18:30:31,597 INFO o.a.j.t.JMeterThread: Thread started: 秒杀并发线程组 1-60
2026-05-08 18:30:31,603 INFO o.a.j.m.J.生成JWT令牌: Generated JWT for userId=60
2026-05-08 18:30:31,608 INFO o.a.j.t.JMeterThread: Thread is done: 秒杀并发线程组 1-60
2026-05-08 18:30:31,608 INFO o.a.j.t.JMeterThread: Thread finished: 秒杀并发线程组 1-60
2026-05-08 18:30:31,647 INFO o.a.j.t.JMeterThread: Thread started: 秒杀并发线程组 1-61
2026-05-08 18:30:31,652 INFO o.a.j.m.J.生成JWT令牌: Generated JWT for userId=61
2026-05-08 18:30:31,656 INFO o.a.j.t.JMeterThread: Thread is done: 秒杀并发线程组 1-61
2026-05-08 18:30:31,657 INFO o.a.j.t.JMeterThread: Thread finished: 秒杀并发线程组 1-61
2026-05-08 18:30:31,696 INFO o.a.j.t.JMeterThread: Thread started: 秒杀并发线程组 1-62
2026-05-08 18:30:31,701 INFO o.a.j.m.J.生成JWT令牌: Generated JWT for userId=62
2026-05-08 18:30:31,705 INFO o.a.j.t.JMeterThread: Thread is done: 秒杀并发线程组 1-62
2026-05-08 18:30:31,705 INFO o.a.j.t.JMeterThread: Thread finished: 秒杀并发线程组 1-62
2026-05-08 18:30:31,745 INFO o.a.j.t.JMeterThread: Thread started: 秒杀并发线程组 1-63
2026-05-08 18:30:31,751 INFO o.a.j.m.J.生成JWT令牌: Generated JWT for userId=63
2026-05-08 18:30:31,754 INFO o.a.j.t.JMeterThread: Thread is done: 秒杀并发线程组 1-63
2026-05-08 18:30:31,754 INFO o.a.j.t.JMeterThread: Thread finished: 秒杀并发线程组 1-63
2026-05-08 18:30:31,796 INFO o.a.j.t.JMeterThread: Thread started: 秒杀并发线程组 1-64
2026-05-08 18:30:31,803 INFO o.a.j.m.J.生成JWT令牌: Generated JWT for userId=64
2026-05-08 18:30:31,809 INFO o.a.j.t.JMeterThread: Thread is done: 秒杀并发线程组 1-64
2026-05-08 18:30:31,809 INFO o.a.j.t.JMeterThread: Thread finished: 秒杀并发线程组 1-64
2026-05-08 18:30:31,846 INFO o.a.j.t.JMeterThread: Thread started: 秒杀并发线程组 1-65
2026-05-08 18:30:31,856 INFO o.a.j.m.J.生成JWT令牌: Generated JWT for userId=65
2026-05-08 18:30:31,864 INFO o.a.j.t.JMeterThread: Thread is done: 秒杀并发线程组 1-65
2026-05-08 18:30:31,864 INFO o.a.j.t.JMeterThread: Thread finished: 秒杀并发线程组 1-65
2026-05-08 18:30:31,895 INFO o.a.j.t.JMeterThread: Thread started: 秒杀并发线程组 1-66
2026-05-08 18:30:31,903 INFO o.a.j.m.J.生成JWT令牌: Generated JWT for userId=66
2026-05-08 18:30:31,907 INFO o.a.j.t.JMeterThread: Thread is done: 秒杀并发线程组 1-66
2026-05-08 18:30:31,907 INFO o.a.j.t.JMeterThread: Thread finished: 秒杀并发线程组 1-66
2026-05-08 18:30:31,945 INFO o.a.j.t.JMeterThread: Thread started: 秒杀并发线程组 1-67
2026-05-08 18:30:31,951 INFO o.a.j.m.J.生成JWT令牌: Generated JWT for userId=67
2026-05-08 18:30:31,955 INFO o.a.j.t.JMeterThread: Thread is done: 秒杀并发线程组 1-67
2026-05-08 18:30:31,955 INFO o.a.j.t.JMeterThread: Thread finished: 秒杀并发线程组 1-67
2026-05-08 18:30:31,996 INFO o.a.j.t.JMeterThread: Thread started: 秒杀并发线程组 1-68
2026-05-08 18:30:32,002 INFO o.a.j.m.J.生成JWT令牌: Generated JWT for userId=68
2026-05-08 18:30:32,005 INFO o.a.j.t.JMeterThread: Thread is done: 秒杀并发线程组 1-68
2026-05-08 18:30:32,005 INFO o.a.j.t.JMeterThread: Thread finished: 秒杀并发线程组 1-68
2026-05-08 18:30:32,046 INFO o.a.j.t.JMeterThread: Thread started: 秒杀并发线程组 1-69
2026-05-08 18:30:32,052 INFO o.a.j.m.J.生成JWT令牌: Generated JWT for userId=69
2026-05-08 18:30:32,055 INFO o.a.j.t.JMeterThread: Thread is done: 秒杀并发线程组 1-69
2026-05-08 18:30:32,056 INFO o.a.j.t.JMeterThread: Thread finished: 秒杀并发线程组 1-69
2026-05-08 18:30:32,096 INFO o.a.j.t.JMeterThread: Thread started: 秒杀并发线程组 1-70
2026-05-08 18:30:32,103 INFO o.a.j.m.J.生成JWT令牌: Generated JWT for userId=70
2026-05-08 18:30:32,107 INFO o.a.j.t.JMeterThread: Thread is done: 秒杀并发线程组 1-70
2026-05-08 18:30:32,107 INFO o.a.j.t.JMeterThread: Thread finished: 秒杀并发线程组 1-70
2026-05-08 18:30:32,145 INFO o.a.j.t.JMeterThread: Thread started: 秒杀并发线程组 1-71
2026-05-08 18:30:32,150 INFO o.a.j.m.J.生成JWT令牌: Generated JWT for userId=71
2026-05-08 18:30:32,154 INFO o.a.j.t.JMeterThread: Thread is done: 秒杀并发线程组 1-71
2026-05-08 18:30:32,154 INFO o.a.j.t.JMeterThread: Thread finished: 秒杀并发线程组 1-71
2026-05-08 18:30:32,195 INFO o.a.j.t.JMeterThread: Thread started: 秒杀并发线程组 1-72
2026-05-08 18:30:32,201 INFO o.a.j.m.J.生成JWT令牌: Generated JWT for userId=72
2026-05-08 18:30:32,205 INFO o.a.j.t.JMeterThread: Thread is done: 秒杀并发线程组 1-72
2026-05-08 18:30:32,205 INFO o.a.j.t.JMeterThread: Thread finished: 秒杀并发线程组 1-72
2026-05-08 18:30:32,246 INFO o.a.j.t.JMeterThread: Thread started: 秒杀并发线程组 1-73
2026-05-08 18:30:32,253 INFO o.a.j.m.J.生成JWT令牌: Generated JWT for userId=73
2026-05-08 18:30:32,257 INFO o.a.j.t.JMeterThread: Thread is done: 秒杀并发线程组 1-73
2026-05-08 18:30:32,257 INFO o.a.j.t.JMeterThread: Thread finished: 秒杀并发线程组 1-73
2026-05-08 18:30:32,295 INFO o.a.j.t.JMeterThread: Thread started: 秒杀并发线程组 1-74
2026-05-08 18:30:32,301 INFO o.a.j.m.J.生成JWT令牌: Generated JWT for userId=74
2026-05-08 18:30:32,306 INFO o.a.j.t.JMeterThread: Thread is done: 秒杀并发线程组 1-74
2026-05-08 18:30:32,306 INFO o.a.j.t.JMeterThread: Thread finished: 秒杀并发线程组 1-74
2026-05-08 18:30:32,345 INFO o.a.j.t.JMeterThread: Thread started: 秒杀并发线程组 1-75
2026-05-08 18:30:32,370 INFO o.a.j.m.J.生成JWT令牌: Generated JWT for userId=75
2026-05-08 18:30:32,375 INFO o.a.j.t.JMeterThread: Thread is done: 秒杀并发线程组 1-75
2026-05-08 18:30:32,375 INFO o.a.j.t.JMeterThread: Thread finished: 秒杀并发线程组 1-75
2026-05-08 18:30:32,395 INFO o.a.j.t.JMeterThread: Thread started: 秒杀并发线程组 1-76
2026-05-08 18:30:32,404 INFO o.a.j.m.J.生成JWT令牌: Generated JWT for userId=76
2026-05-08 18:30:32,409 INFO o.a.j.t.JMeterThread: Thread is done: 秒杀并发线程组 1-76
2026-05-08 18:30:32,409 INFO o.a.j.t.JMeterThread: Thread finished: 秒杀并发线程组 1-76
2026-05-08 18:30:32,445 INFO o.a.j.t.JMeterThread: Thread started: 秒杀并发线程组 1-77
2026-05-08 18:30:32,454 INFO o.a.j.m.J.生成JWT令牌: Generated JWT for userId=77
2026-05-08 18:30:32,459 INFO o.a.j.t.JMeterThread: Thread is done: 秒杀并发线程组 1-77
2026-05-08 18:30:32,459 INFO o.a.j.t.JMeterThread: Thread finished: 秒杀并发线程组 1-77
2026-05-08 18:30:32,496 INFO o.a.j.t.JMeterThread: Thread started: 秒杀并发线程组 1-78
2026-05-08 18:30:32,503 INFO o.a.j.m.J.生成JWT令牌: Generated JWT for userId=78
2026-05-08 18:30:32,507 INFO o.a.j.t.JMeterThread: Thread is done: 秒杀并发线程组 1-78
2026-05-08 18:30:32,508 INFO o.a.j.t.JMeterThread: Thread finished: 秒杀并发线程组 1-78
2026-05-08 18:30:32,546 INFO o.a.j.t.JMeterThread: Thread started: 秒杀并发线程组 1-79
2026-05-08 18:30:32,555 INFO o.a.j.m.J.生成JWT令牌: Generated JWT for userId=79
2026-05-08 18:30:32,560 INFO o.a.j.t.JMeterThread: Thread is done: 秒杀并发线程组 1-79
2026-05-08 18:30:32,560 INFO o.a.j.t.JMeterThread: Thread finished: 秒杀并发线程组 1-79
2026-05-08 18:30:32,596 INFO o.a.j.t.JMeterThread: Thread started: 秒杀并发线程组 1-80
2026-05-08 18:30:32,603 INFO o.a.j.m.J.生成JWT令牌: Generated JWT for userId=80
2026-05-08 18:30:32,607 INFO o.a.j.t.JMeterThread: Thread is done: 秒杀并发线程组 1-80
2026-05-08 18:30:32,607 INFO o.a.j.t.JMeterThread: Thread finished: 秒杀并发线程组 1-80
2026-05-08 18:30:32,645 INFO o.a.j.t.JMeterThread: Thread started: 秒杀并发线程组 1-81
2026-05-08 18:30:32,652 INFO o.a.j.m.J.生成JWT令牌: Generated JWT for userId=81
2026-05-08 18:30:32,656 INFO o.a.j.t.JMeterThread: Thread is done: 秒杀并发线程组 1-81
2026-05-08 18:30:32,656 INFO o.a.j.t.JMeterThread: Thread finished: 秒杀并发线程组 1-81
2026-05-08 18:30:32,701 INFO o.a.j.t.JMeterThread: Thread started: 秒杀并发线程组 1-82
2026-05-08 18:30:32,709 INFO o.a.j.m.J.生成JWT令牌: Generated JWT for userId=82
2026-05-08 18:30:32,714 INFO o.a.j.t.JMeterThread: Thread is done: 秒杀并发线程组 1-82
2026-05-08 18:30:32,714 INFO o.a.j.t.JMeterThread: Thread finished: 秒杀并发线程组 1-82
2026-05-08 18:30:32,748 INFO o.a.j.t.JMeterThread: Thread started: 秒杀并发线程组 1-83
2026-05-08 18:30:32,755 INFO o.a.j.m.J.生成JWT令牌: Generated JWT for userId=83
2026-05-08 18:30:32,761 INFO o.a.j.t.JMeterThread: Thread is done: 秒杀并发线程组 1-83
2026-05-08 18:30:32,761 INFO o.a.j.t.JMeterThread: Thread finished: 秒杀并发线程组 1-83
2026-05-08 18:30:32,795 INFO o.a.j.t.JMeterThread: Thread started: 秒杀并发线程组 1-84
2026-05-08 18:30:32,804 INFO o.a.j.m.J.生成JWT令牌: Generated JWT for userId=84
2026-05-08 18:30:32,809 INFO o.a.j.t.JMeterThread: Thread is done: 秒杀并发线程组 1-84
2026-05-08 18:30:32,809 INFO o.a.j.t.JMeterThread: Thread finished: 秒杀并发线程组 1-84
2026-05-08 18:30:32,846 INFO o.a.j.t.JMeterThread: Thread started: 秒杀并发线程组 1-85
2026-05-08 18:30:32,854 INFO o.a.j.m.J.生成JWT令牌: Generated JWT for userId=85
2026-05-08 18:30:32,858 INFO o.a.j.t.JMeterThread: Thread is done: 秒杀并发线程组 1-85
2026-05-08 18:30:32,858 INFO o.a.j.t.JMeterThread: Thread finished: 秒杀并发线程组 1-85
2026-05-08 18:30:32,895 INFO o.a.j.t.JMeterThread: Thread started: 秒杀并发线程组 1-86
2026-05-08 18:30:32,900 INFO o.a.j.m.J.生成JWT令牌: Generated JWT for userId=86
2026-05-08 18:30:32,905 INFO o.a.j.t.JMeterThread: Thread is done: 秒杀并发线程组 1-86
2026-05-08 18:30:32,905 INFO o.a.j.t.JMeterThread: Thread finished: 秒杀并发线程组 1-86
2026-05-08 18:30:32,945 INFO o.a.j.t.JMeterThread: Thread started: 秒杀并发线程组 1-87
2026-05-08 18:30:32,955 INFO o.a.j.m.J.生成JWT令牌: Generated JWT for userId=87
2026-05-08 18:30:32,959 INFO o.a.j.t.JMeterThread: Thread is done: 秒杀并发线程组 1-87
2026-05-08 18:30:32,959 INFO o.a.j.t.JMeterThread: Thread finished: 秒杀并发线程组 1-87
2026-05-08 18:30:32,996 INFO o.a.j.t.JMeterThread: Thread started: 秒杀并发线程组 1-88
2026-05-08 18:30:33,003 INFO o.a.j.m.J.生成JWT令牌: Generated JWT for userId=88
2026-05-08 18:30:33,006 INFO o.a.j.t.JMeterThread: Thread is done: 秒杀并发线程组 1-88
2026-05-08 18:30:33,006 INFO o.a.j.t.JMeterThread: Thread finished: 秒杀并发线程组 1-88
2026-05-08 18:30:33,045 INFO o.a.j.t.JMeterThread: Thread started: 秒杀并发线程组 1-89
2026-05-08 18:30:33,051 INFO o.a.j.m.J.生成JWT令牌: Generated JWT for userId=89
2026-05-08 18:30:33,054 INFO o.a.j.t.JMeterThread: Thread is done: 秒杀并发线程组 1-89
2026-05-08 18:30:33,054 INFO o.a.j.t.JMeterThread: Thread finished: 秒杀并发线程组 1-89
2026-05-08 18:30:33,096 INFO o.a.j.t.JMeterThread: Thread started: 秒杀并发线程组 1-90
2026-05-08 18:30:33,102 INFO o.a.j.m.J.生成JWT令牌: Generated JWT for userId=90
2026-05-08 18:30:33,105 INFO o.a.j.t.JMeterThread: Thread is done: 秒杀并发线程组 1-90
2026-05-08 18:30:33,105 INFO o.a.j.t.JMeterThread: Thread finished: 秒杀并发线程组 1-90
2026-05-08 18:30:33,146 INFO o.a.j.t.JMeterThread: Thread started: 秒杀并发线程组 1-91
2026-05-08 18:30:33,153 INFO o.a.j.m.J.生成JWT令牌: Generated JWT for userId=91
2026-05-08 18:30:33,156 INFO o.a.j.t.JMeterThread: Thread is done: 秒杀并发线程组 1-91
2026-05-08 18:30:33,156 INFO o.a.j.t.JMeterThread: Thread finished: 秒杀并发线程组 1-91
2026-05-08 18:30:33,197 INFO o.a.j.t.JMeterThread: Thread started: 秒杀并发线程组 1-92
2026-05-08 18:30:33,202 INFO o.a.j.m.J.生成JWT令牌: Generated JWT for userId=92
2026-05-08 18:30:33,206 INFO o.a.j.t.JMeterThread: Thread is done: 秒杀并发线程组 1-92
2026-05-08 18:30:33,206 INFO o.a.j.t.JMeterThread: Thread finished: 秒杀并发线程组 1-92
2026-05-08 18:30:33,246 INFO o.a.j.t.JMeterThread: Thread started: 秒杀并发线程组 1-93
2026-05-08 18:30:33,251 INFO o.a.j.m.J.生成JWT令牌: Generated JWT for userId=93
2026-05-08 18:30:33,256 INFO o.a.j.t.JMeterThread: Thread is done: 秒杀并发线程组 1-93
2026-05-08 18:30:33,256 INFO o.a.j.t.JMeterThread: Thread finished: 秒杀并发线程组 1-93
2026-05-08 18:30:33,295 INFO o.a.j.t.JMeterThread: Thread started: 秒杀并发线程组 1-94
2026-05-08 18:30:33,300 INFO o.a.j.m.J.生成JWT令牌: Generated JWT for userId=94
2026-05-08 18:30:33,304 INFO o.a.j.t.JMeterThread: Thread is done: 秒杀并发线程组 1-94
2026-05-08 18:30:33,304 INFO o.a.j.t.JMeterThread: Thread finished: 秒杀并发线程组 1-94
2026-05-08 18:30:33,346 INFO o.a.j.t.JMeterThread: Thread started: 秒杀并发线程组 1-95
2026-05-08 18:30:33,351 INFO o.a.j.m.J.生成JWT令牌: Generated JWT for userId=95
2026-05-08 18:30:33,355 INFO o.a.j.t.JMeterThread: Thread is done: 秒杀并发线程组 1-95
2026-05-08 18:30:33,355 INFO o.a.j.t.JMeterThread: Thread finished: 秒杀并发线程组 1-95
2026-05-08 18:30:33,396 INFO o.a.j.t.JMeterThread: Thread started: 秒杀并发线程组 1-96
2026-05-08 18:30:33,402 INFO o.a.j.m.J.生成JWT令牌: Generated JWT for userId=96
2026-05-08 18:30:33,406 INFO o.a.j.t.JMeterThread: Thread is done: 秒杀并发线程组 1-96
2026-05-08 18:30:33,406 INFO o.a.j.t.JMeterThread: Thread finished: 秒杀并发线程组 1-96
2026-05-08 18:30:33,446 INFO o.a.j.t.JMeterThread: Thread started: 秒杀并发线程组 1-97
2026-05-08 18:30:33,452 INFO o.a.j.m.J.生成JWT令牌: Generated JWT for userId=97
2026-05-08 18:30:33,456 INFO o.a.j.t.JMeterThread: Thread is done: 秒杀并发线程组 1-97
2026-05-08 18:30:33,456 INFO o.a.j.t.JMeterThread: Thread finished: 秒杀并发线程组 1-97
2026-05-08 18:30:33,495 INFO o.a.j.t.JMeterThread: Thread started: 秒杀并发线程组 1-98
2026-05-08 18:30:33,504 INFO o.a.j.m.J.生成JWT令牌: Generated JWT for userId=98
2026-05-08 18:30:33,507 INFO o.a.j.t.JMeterThread: Thread is done: 秒杀并发线程组 1-98
2026-05-08 18:30:33,507 INFO o.a.j.t.JMeterThread: Thread finished: 秒杀并发线程组 1-98
2026-05-08 18:30:33,546 INFO o.a.j.t.JMeterThread: Thread started: 秒杀并发线程组 1-99
2026-05-08 18:30:33,551 INFO o.a.j.m.J.生成JWT令牌: Generated JWT for userId=99
2026-05-08 18:30:33,555 INFO o.a.j.t.JMeterThread: Thread is done: 秒杀并发线程组 1-99
2026-05-08 18:30:33,555 INFO o.a.j.t.JMeterThread: Thread finished: 秒杀并发线程组 1-99
2026-05-08 18:30:33,596 INFO o.a.j.t.JMeterThread: Thread started: 秒杀并发线程组 1-100
2026-05-08 18:30:33,604 INFO o.a.j.m.J.生成JWT令牌: Generated JWT for userId=100
2026-05-08 18:30:33,608 INFO o.a.j.t.JMeterThread: Thread is done: 秒杀并发线程组 1-100
2026-05-08 18:30:33,608 INFO o.a.j.t.JMeterThread: Thread finished: 秒杀并发线程组 1-100
2026-05-08 18:30:33,608 INFO o.a.j.e.StandardJMeterEngine: Notifying test listeners of end of test
2026-05-08 18:30:33,608 INFO o.a.j.s.FileServer: Close: src/test/jmeter/test_users.csv
2026-05-08 18:30:33,608 INFO o.a.j.g.u.JMeterMenuBar: setRunning(false, *local*)
